[
{
    "model": "auth.user",
    "pk": 1,
    "fields": {
        "password": "pbkdf2_sha256$260000$jQPYeqQvohwDgzbomFOVAD$VhO3vE90BCCNQU5zaeeHU/lcBUhmp6+iNYFCNg2++Tw=",
        "last_login": "2021-11-03T14:29:22.048Z",
        "is_superuser": false,
        "username": "muydinovabarnoxon",
        "first_name": "Barnoxon",
        "last_name": "Muydinova",
        "email": "",
        "is_staff": false,
        "is_active": true,
        "date_joined": "2022-03-19T18:00:00Z",
        "groups": [],
        "user_permissions": []
    }
},
{
    "model": "auth.user",
    "pk": 2,
    "fields": {
        "password": "pbkdf2_sha256$260000$DHM9PHg8lAZhSTwdOpZUYB$lqdTNnTFIsX98UaDY0B0XH8gGDpUa8xmxTjLOWgN5+I=",
        "last_login": "2022-07-22T10:07:59.740Z",
        "is_superuser": false,
        "username": "qodirovmuhammadali",
        "first_name": "Muhammadali",
        "last_name": "Qodirov",
        "email": "qodirovmuhammadali@gmail.com",
        "is_staff": false,
        "is_active": true,
        "date_joined": "2022-03-19T18:00:00Z",
        "groups": [],
        "user_permissions": []
    }
},
{
    "model": "auth.user",
    "pk": 3,
    "fields": {
        "password": "pbkdf2_sha256$260000$EgEFNdiyt6DgpQt24qB95c$n9MCRkI/c79FZlhM/J+IosRRTtLRjarFdwPqefZ2vKM=",
        "last_login": "2022-05-11T17:37:38.495Z",
        "is_superuser": false,
        "username": "tojiboyevrozijon",
        "first_name": "Rozijon",
        "last_name": "Tojiboyev",
        "email": "",
        "is_staff": false,
        "is_active": true,
        "date_joined": "2022-03-19T18:00:00Z",
        "groups": [],
        "user_permissions": []
    }
},
{
    "model": "auth.user",
    "pk": 4,
    "fields": {
        "password": "pbkdf2_sha256$260000$EVm2lQyiSvqqt3jEqKDNUy$9i0/B+1Jy8I0bUP/aCQMSjnELmXQ8dhXyb23WqMJnW8=",
        "last_login": "2021-10-25T15:25:21.553Z",
        "is_superuser": false,
        "username": "ibragimovdilmurodjon",
        "first_name": "Dilmurodjon",
        "last_name": "Ibragimov",
        "email": "",
        "is_staff": false,
        "is_active": true,
        "date_joined": "2022-03-19T18:00:00Z",
        "groups": [],
        "user_permissions": []
    }
},
{
    "model": "auth.user",
    "pk": 5,
    "fields": {
        "password": "pbkdf2_sha256$260000$g955x9AmlVSKRFA6EaCLsd$DCqYWaZ+s7y7p37HA+w1MzG+LdsMWjIryYkWFHIMLdc=",
        "last_login": null,
        "is_superuser": false,
        "username": "shokirovxurshidbek",
        "first_name": "Xurshidbek",
        "last_name": "Shokirov",
        "email": "",
        "is_staff": false,
        "is_active": true,
        "date_joined": "2022-03-19T18:00:00Z",
        "groups": [],
        "user_permissions": []
    }
},
{
    "model": "auth.user",
    "pk": 6,
    "fields": {
        "password": "pbkdf2_sha256$260000$k2O1J3KUW5mWYsHtelSWsD$TR4SY0TxWpjUdn63LBvwRwPDWh8os/ieWFg9xvzmzYY=",
        "last_login": null,
        "is_superuser": false,
        "username": "ibrohimovmuhammadaziz",
        "first_name": "Muhammadaziz",
        "last_name": "Ibrohimov",
        "email": "",
        "is_staff": false,
        "is_active": true,
        "date_joined": "2022-03-19T18:00:00Z",
        "groups": [],
        "user_permissions": []
    }
},
{
    "model": "auth.user",
    "pk": 7,
    "fields": {
        "password": "pbkdf2_sha256$260000$2mm67jdb55b7gz25kEPzGU$xJ7jqGs/ijUuFZcmdGfvpWkt3ultf2Eq8gNDGWE9Wkk=",
        "last_login": null,
        "is_superuser": false,
        "username": "pulatovnosirullo",
        "first_name": "Nosirullo",
        "last_name": "Pulatov",
        "email": "",
        "is_staff": false,
        "is_active": true,
        "date_joined": "2022-03-19T18:00:00Z",
        "groups": [],
        "user_permissions": []
    }
},
{
    "model": "auth.user",
    "pk": 8,
    "fields": {
        "password": "pbkdf2_sha256$260000$T2WcSkxetbemPtJTxeZQzs$H4/g5Lub97ke68w9ViSDiae6i4T0VgDsMANXTD86ss4=",
        "last_login": null,
        "is_superuser": false,
        "username": "karimqulovnodirbek",
        "first_name": "Nodirbek",
        "last_name": "Karimqulov",
        "email": "",
        "is_staff": false,
        "is_active": true,
        "date_joined": "2022-03-19T18:00:00Z",
        "groups": [],
        "user_permissions": []
    }
},
{
    "model": "auth.user",
    "pk": 9,
    "fields": {
        "password": "pbkdf2_sha256$260000$s4fIhLLiIeKaKIkF54JQbd$bjGu3y9nbsfgKNQSJ3lhUeF4RyQqHgNqRK36J/uIyaY=",
        "last_login": null,
        "is_superuser": false,
        "username": "usmonovbaxtiyor",
        "first_name": "Baxtiyor",
        "last_name": "Usmonov",
        "email": "",
        "is_staff": false,
        "is_active": true,
        "date_joined": "2022-03-19T18:00:00Z",
        "groups": [],
        "user_permissions": []
    }
},
{
    "model": "auth.user",
    "pk": 10,
    "fields": {
        "password": "pbkdf2_sha256$260000$JIQRsl9zS4ITTJ9Hd1lk6Q$q91tv1YAs2Pw8bBLl0y1qzMxvZSRdY+WIIVP+wjTfe0=",
        "last_login": "2021-11-10T06:33:38.252Z",
        "is_superuser": false,
        "username": "qurbonovegamberdi",
        "first_name": "Egamberdi",
        "last_name": "Qurbonov",
        "email": "",
        "is_staff": false,
        "is_active": true,
        "date_joined": "2022-03-19T18:00:00Z",
        "groups": [],
        "user_permissions": []
    }
},
{
    "model": "auth.user",
    "pk": 11,
    "fields": {
        "password": "pbkdf2_sha256$260000$OGLiwnlOhRMj0wiMBuUQKp$01fmp8e06GNdI3mb6QJeVD2iHheOLVpCqMudDzwLiLg=",
        "last_login": null,
        "is_superuser": false,
        "username": "ahmedovmuzaffarbek",
        "first_name": "Muzaffarbek",
        "last_name": "Ahmedov",
        "email": "",
        "is_staff": false,
        "is_active": true,
        "date_joined": "2022-03-19T18:00:00Z",
        "groups": [],
        "user_permissions": []
    }
},
{
    "model": "auth.user",
    "pk": 12,
    "fields": {
        "password": "pbkdf2_sha256$260000$uzjP5Mcnpe3uUXLdwsO3f5$kyX+kkBwFfzFA4WPB2wWuIeZJEe+i05iFYMZntFCnio=",
        "last_login": null,
        "is_superuser": false,
        "username": "tojiboyevazizbek",
        "first_name": "Azizbek",
        "last_name": "Tojiboyev",
        "email": "",
        "is_staff": false,
        "is_active": true,
        "date_joined": "2022-03-19T18:00:00Z",
        "groups": [],
        "user_permissions": []
    }
},
{
    "model": "auth.user",
    "pk": 13,
    "fields": {
        "password": "pbkdf2_sha256$260000$X5EGyrluXIbUYnch3Hw6Lk$zCBjiXz7pM0vx6+mN0GoXcUt/dBK3FKIgy9f2q2Ku/w=",
        "last_login": "2022-01-13T04:10:22.800Z",
        "is_superuser": false,
        "username": "mamajonovbaxtiyor",
        "first_name": "Baxtiyor",
        "last_name": "Mamajonov",
        "email": "",
        "is_staff": false,
        "is_active": true,
        "date_joined": "2022-03-19T18:00:00Z",
        "groups": [],
        "user_permissions": []
    }
},
{
    "model": "auth.user",
    "pk": 14,
    "fields": {
        "password": "pbkdf2_sha256$260000$c3V1pYil76gJni4UIjQL8d$K//5XKyyfXrlYvsgmu10Vre0BQfG8z0gWs66+KzkJQg=",
        "last_login": "2021-10-25T15:25:09.221Z",
        "is_superuser": false,
        "username": "sadikovairodaxon",
        "first_name": "Irodaxon",
        "last_name": "Sadikova",
        "email": "",
        "is_staff": false,
        "is_active": true,
        "date_joined": "2022-03-19T18:00:00Z",
        "groups": [],
        "user_permissions": []
    }
},
{
    "model": "auth.user",
    "pk": 15,
    "fields": {
        "password": "pbkdf2_sha256$260000$pFJ3R65jGRMFSe682iZQd2$Dcdd+ofrRMaroWfmwh4RTCmWcL92L2BpDdZMKJ4Fcvk=",
        "last_login": null,
        "is_superuser": false,
        "username": "valiyevzaynobiddin",
        "first_name": "Zaynobiddin",
        "last_name": "Valiyev",
        "email": "",
        "is_staff": false,
        "is_active": true,
        "date_joined": "2022-03-19T18:00:00Z",
        "groups": [],
        "user_permissions": []
    }
},
{
    "model": "auth.user",
    "pk": 16,
    "fields": {
        "password": "pbkdf2_sha256$260000$7ddRhZ9umzigHUAlrXiLcE$b+U7Ieh2joeyLR8UW5sRHSI6clXY9a5BVCjTghfL/8M=",
        "last_login": null,
        "is_superuser": false,
        "username": "xurboyevdurbek",
        "first_name": "Durbek",
        "last_name": "Xurboyev",
        "email": "",
        "is_staff": false,
        "is_active": true,
        "date_joined": "2022-03-19T18:00:00Z",
        "groups": [],
        "user_permissions": []
    }
},
{
    "model": "auth.user",
    "pk": 17,
    "fields": {
        "password": "pbkdf2_sha256$260000$QpLiURXdDTP67svtpEjA17$/xvR/5A+rCpg3mLOMDMZZlbs8p6iXoSGeXo/0eYE6do=",
        "last_login": null,
        "is_superuser": false,
        "username": "jaxongirovsaidbek",
        "first_name": "Saidbek",
        "last_name": "Jaxongirov",
        "email": "",
        "is_staff": false,
        "is_active": true,
        "date_joined": "2022-03-19T18:00:00Z",
        "groups": [],
        "user_permissions": []
    }
},
{
    "model": "auth.user",
    "pk": 18,
    "fields": {
        "password": "pbkdf2_sha256$260000$jIvnlsgcfyr8TwpSI1bMaV$19w7kINCL0PzN+tIr0LAK+Ki0yIiN+CczE0i6teyx5s=",
        "last_login": null,
        "is_superuser": false,
        "username": "jorayevanigoraxon",
        "first_name": "Nigoraxon",
        "last_name": "Jo'rayeva",
        "email": "",
        "is_staff": false,
        "is_active": true,
        "date_joined": "2022-03-19T18:00:00Z",
        "groups": [],
        "user_permissions": []
    }
},
{
    "model": "auth.user",
    "pk": 19,
    "fields": {
        "password": "pbkdf2_sha256$260000$2k1DHwO9k6l4WE3mDmwgjU$YadcrJiITKZtW9kgBwHwcYwAvlf2RhkDwqyx3ZIxP9Y=",
        "last_login": "2022-07-05T10:42:31.574Z",
        "is_superuser": true,
        "username": "mydentist",
        "first_name": "",
        "last_name": "",
        "email": "mydentist@gmail.com",
        "is_staff": true,
        "is_active": true,
        "date_joined": "2022-03-19T18:00:00Z",
        "groups": [],
        "user_permissions": []
    }
},
{
    "model": "auth.user",
    "pk": 20,
    "fields": {
        "password": "pbkdf2_sha256$260000$Ho8LUrQSYvyBZzHEBaQvRA$HaDTF3zBB4XFavAUTujeIXxZHXTt8geTdaDbMKh+Tb8=",
        "last_login": "2022-05-08T06:14:23.645Z",
        "is_superuser": false,
        "username": "user0000076",
        "first_name": "Azizbek",
        "last_name": "Salomovv",
        "email": "azizbeksalomov@mail.ru",
        "is_staff": false,
        "is_active": true,
        "date_joined": "2022-04-06T08:30:17.433Z",
        "groups": [],
        "user_permissions": []
    }
},
{
    "model": "auth.user",
    "pk": 21,
    "fields": {
        "password": "pbkdf2_sha256$260000$Cz9j17Nla1E5pycy0YuM2C$PRo6/lPwJny+mEUbybuWIlI8YOmkJj/jRPF3KKaoWKI=",
        "last_login": "2022-04-06T10:06:22.703Z",
        "is_superuser": false,
        "username": "user0000077",
        "first_name": "Adkhamjon",
        "last_name": "Rakhimov",
        "email": "adxam@gmail.com",
        "is_staff": false,
        "is_active": true,
        "date_joined": "2022-04-06T09:56:07.253Z",
        "groups": [],
        "user_permissions": []
    }
},
{
    "model": "auth.user",
    "pk": 22,
    "fields": {
        "password": "pbkdf2_sha256$260000$ygNMOyYVJ8IRpJeOet7RXW$nPiCg+yGK6xdjIEIU7JqZ6qTavr9atlSeimMS4W3VnQ=",
        "last_login": null,
        "is_superuser": false,
        "username": "user0000078",
        "first_name": "Adkhamjon",
        "last_name": "Rakhimov",
        "email": "",
        "is_staff": false,
        "is_active": true,
        "date_joined": "2022-04-06T10:01:28.193Z",
        "groups": [],
        "user_permissions": []
    }
},
{
    "model": "auth.user",
    "pk": 23,
    "fields": {
        "password": "pbkdf2_sha256$260000$qHakEKhUq41e2BXm1htySz$qFETQVC6dxspSZuqbofjg0Ik3lU119USYmveFts71IM=",
        "last_login": null,
        "is_superuser": false,
        "username": "user0000081",
        "first_name": "Idifoto",
        "last_name": "Fitototot",
        "email": "udjfkf",
        "is_staff": false,
        "is_active": true,
        "date_joined": "2022-04-06T10:29:24.956Z",
        "groups": [],
        "user_permissions": []
    }
},
{
    "model": "auth.user",
    "pk": 24,
    "fields": {
        "password": "pbkdf2_sha256$260000$YQm9eA7Jom21TPk6UDw2N9$A1iMw6fm0lucrAYWGDlQHvFO3fx1j6beGVHrCagSvqg=",
        "last_login": null,
        "is_superuser": false,
        "username": "user0000082",
        "first_name": "ADXAM",
        "last_name": "RAKHIMOV",
        "email": "",
        "is_staff": false,
        "is_active": true,
        "date_joined": "2022-04-06T10:30:48.523Z",
        "groups": [],
        "user_permissions": []
    }
},
{
    "model": "auth.user",
    "pk": 25,
    "fields": {
        "password": "pbkdf2_sha256$260000$gNGkB3ZkFFWbKRwSg1A19E$RuX2YTDYU2uwdnlH04Z9M/gWfT0eo8KWu9kQnKELMqo=",
        "last_login": "2022-05-11T04:29:20.519Z",
        "is_superuser": false,
        "username": "user0000087",
        "first_name": "Muhammadjon",
        "last_name": "Abduqahhorov",
        "email": "",
        "is_staff": false,
        "is_active": true,
        "date_joined": "2022-04-11T12:44:22.857Z",
        "groups": [],
        "user_permissions": []
    }
},
{
    "model": "auth.user",
    "pk": 26,
    "fields": {
        "password": "pbkdf2_sha256$260000$BhwaI0JRAWM6MwnsMP1I8N$81JbOl0blqys/fbuvh0xplgYA10kTr98F1oadBmmsVA=",
        "last_login": "2022-04-11T13:00:00.651Z",
        "is_superuser": false,
        "username": "user0000088",
        "first_name": "Shohrux",
        "last_name": "Yoqubjonov",
        "email": "",
        "is_staff": false,
        "is_active": true,
        "date_joined": "2022-04-11T12:57:34.472Z",
        "groups": [],
        "user_permissions": []
    }
},
{
    "model": "auth.user",
    "pk": 27,
    "fields": {
        "password": "pbkdf2_sha256$260000$vjyJ0LWlBdIQUcqUEf7iw3$QLY0Yg8nXziNZtg8zjOGEdCfQbmVTpOxYoYW4m4/zzs=",
        "last_login": null,
        "is_superuser": false,
        "username": "user0000089",
        "first_name": "Ahmadjon",
        "last_name": "Boboyev",
        "email": "",
        "is_staff": false,
        "is_active": true,
        "date_joined": "2022-04-11T13:02:15.337Z",
        "groups": [],
        "user_permissions": []
    }
},
{
    "model": "auth.user",
    "pk": 28,
    "fields": {
        "password": "pbkdf2_sha256$260000$oJeHbtqmPuV1EljMrIut9J$1mjGIrTbeMKeKvS0OIGdZOX8NrX3C9gpZ8AJGm0FCd0=",
        "last_login": "2022-04-15T05:07:05.325Z",
        "is_superuser": false,
        "username": "mamatalievabror",
        "first_name": "Abror",
        "last_name": "Mamataliev",
        "email": "",
        "is_staff": false,
        "is_active": true,
        "date_joined": "2022-04-15T05:03:42Z",
        "groups": [],
        "user_permissions": []
    }
},
{
    "model": "auth.user",
    "pk": 29,
    "fields": {
        "password": "pbkdf2_sha256$260000$Lf9MUE9296tcu3lv3d9IFJ$EFeaaLo5JXS0VpiQlb7N9hP9E/Y3bE3Ews3diq2ST84=",
        "last_login": "2022-06-01T16:40:40.794Z",
        "is_superuser": false,
        "username": "dusmatovjavlon",
        "first_name": "Javlon",
        "last_name": "Dusmatov",
        "email": "",
        "is_staff": false,
        "is_active": true,
        "date_joined": "2022-04-17T11:10:38Z",
        "groups": [],
        "user_permissions": []
    }
},
{
    "model": "auth.user",
    "pk": 31,
    "fields": {
        "password": "pbkdf2_sha256$260000$IXVWWtFKbe840acga7ptGd$4LkCd848JjFeMFIaJGM219d0QnoIbTsMpIZjI2diHak=",
        "last_login": null,
        "is_superuser": false,
        "username": "user0000079",
        "first_name": "Bek",
        "last_name": "Aev",
        "email": "azizbeksalomov@mail.ru",
        "is_staff": false,
        "is_active": true,
        "date_joined": "2022-04-18T01:24:46.051Z",
        "groups": [],
        "user_permissions": []
    }
},
{
    "model": "auth.user",
    "pk": 32,
    "fields": {
        "password": "pbkdf2_sha256$260000$5wKSfxs87nuW1l3OGGAPj9$ikJZYpYd3/pk816nWMLeRZ23DeBjLPLHZHQWjfmiThQ=",
        "last_login": null,
        "is_superuser": false,
        "username": "user0000085",
        "first_name": "Guli ",
        "last_name": "Tillayeva",
        "email": "",
        "is_staff": false,
        "is_active": true,
        "date_joined": "2022-04-18T02:00:19.218Z",
        "groups": [],
        "user_permissions": []
    }
},
{
    "model": "auth.user",
    "pk": 33,
    "fields": {
        "password": "pbkdf2_sha256$260000$ALtgRP3JTxh17FNTwxV8OT$3gIaKWmq7U+1qMsYUu3FQsp4OeZtO4UQinGGpPtbQtY=",
        "last_login": null,
        "is_superuser": false,
        "username": "user0000086",
        "first_name": "Alijon",
        "last_name": "Isoqov",
        "email": "",
        "is_staff": false,
        "is_active": true,
        "date_joined": "2022-04-18T02:02:15.014Z",
        "groups": [],
        "user_permissions": []
    }
},
{
    "model": "auth.user",
    "pk": 37,
    "fields": {
        "password": "pbkdf2_sha256$260000$W1mduqpgupPVocdW380vSI$jNTPFAzn7VeB+9fLhJKNSO/nI91Cnoe0a3B4Kkj8GP8=",
        "last_login": "2022-04-18T07:24:26.713Z",
        "is_superuser": false,
        "username": "bekzod",
        "first_name": "Bekzod",
        "last_name": "Abduraimov",
        "email": "",
        "is_staff": false,
        "is_active": true,
        "date_joined": "2022-04-18T07:22:16.118Z",
        "groups": [],
        "user_permissions": []
    }
},
{
    "model": "auth.user",
    "pk": 38,
    "fields": {
        "password": "pbkdf2_sha256$260000$B13l4vsZ5joWYOJVVF3oRk$aUpc6RAJ1tCoRTngFy6ToWdF0/l9qG5cEG58N7ucRC8=",
        "last_login": "2022-05-05T10:18:54.218Z",
        "is_superuser": false,
        "username": "user0000090",
        "first_name": "Adasfasfasfол ол",
        "last_name": "Sgjkлл лл орг ро",
        "email": "7asdfsadfsdfasdf",
        "is_staff": false,
        "is_active": true,
        "date_joined": "2022-04-18T16:12:51.436Z",
        "groups": [],
        "user_permissions": []
    }
},
{
    "model": "auth.user",
    "pk": 39,
    "fields": {
        "password": "pbkdf2_sha256$260000$RkGs7YmazO1LLr5UJfbtIQ$2gfSaY85o4P4Or1lzHlGB5woP/6SAn8Z9mG9+GptLfE=",
        "last_login": null,
        "is_superuser": false,
        "username": "user0000091",
        "first_name": "Odil",
        "last_name": "Hamrobekov",
        "email": "",
        "is_staff": false,
        "is_active": true,
        "date_joined": "2022-04-22T11:44:28.570Z",
        "groups": [],
        "user_permissions": []
    }
},
{
    "model": "auth.user",
    "pk": 40,
    "fields": {
        "password": "pbkdf2_sha256$260000$AAQXP0CansKMdpiChL9N4S$4mUV8rtjTKoTKRmQ6BQAbPu9UgF/c7Yrxd3Vx1RGoRY=",
        "last_login": null,
        "is_superuser": false,
        "username": "user0000092",
        "first_name": "Ulug'bek",
        "last_name": "Abdusamatov",
        "email": "",
        "is_staff": false,
        "is_active": true,
        "date_joined": "2022-04-23T04:19:21.041Z",
        "groups": [],
        "user_permissions": []
    }
},
{
    "model": "auth.user",
    "pk": 41,
    "fields": {
        "password": "pbkdf2_sha256$260000$8yMh7Jl78ul6rwKUhEDBjT$uhTrk19Gd3snEfPwVK1kRxl2EGyfMrOSEOllURoA1q4=",
        "last_login": null,
        "is_superuser": false,
        "username": "user0000094",
        "first_name": "Ulug'bek",
        "last_name": "Abdusamatov",
        "email": "",
        "is_staff": false,
        "is_active": true,
        "date_joined": "2022-04-23T04:20:24.001Z",
        "groups": [],
        "user_permissions": []
    }
},
{
    "model": "auth.user",
    "pk": 42,
    "fields": {
        "password": "pbkdf2_sha256$260000$Ja90TVHDCwYSyJtJlM6SXU$XRk/kWTDi/isrKmCGU4ucasHUvFjYDWLlLvHFF3NUho=",
        "last_login": "2022-07-12T23:58:04.004Z",
        "is_superuser": false,
        "username": "izzatbek",
        "first_name": "Izzatbek",
        "last_name": "Salomov",
        "email": "mustang_st@mail.ru",
        "is_staff": false,
        "is_active": true,
        "date_joined": "2022-04-25T13:15:23.354Z",
        "groups": [],
        "user_permissions": []
    }
},
{
    "model": "auth.user",
    "pk": 43,
    "fields": {
        "password": "pbkdf2_sha256$260000$Rnqk6yRmyOtXnoBwlz2VR1$xeiR7a99kaPyBw5cABoJ/Lyxlf1Qejd089guh2wrRDw=",
        "last_login": null,
        "is_superuser": false,
        "username": "user0000098",
        "first_name": "Adkhamjon",
        "last_name": "Rakhimov",
        "email": "adxam@gmail.com",
        "is_staff": false,
        "is_active": true,
        "date_joined": "2022-04-30T05:51:17.166Z",
        "groups": [],
        "user_permissions": []
    }
},
{
    "model": "auth.user",
    "pk": 44,
    "fields": {
        "password": "pbkdf2_sha256$260000$jcOoUmZT7iJEeZ60imgtQM$bikkDExNsf0Z0mv2QAxAxYJmQwP5IX23VqtWlHy8Lu4=",
        "last_login": null,
        "is_superuser": false,
        "username": "user0000115",
        "first_name": "Ulug'bek",
        "last_name": "Abdusamatov",
        "email": "",
        "is_staff": false,
        "is_active": true,
        "date_joined": "2022-04-30T06:34:34.834Z",
        "groups": [],
        "user_permissions": []
    }
},
{
    "model": "auth.user",
    "pk": 45,
    "fields": {
        "password": "pbkdf2_sha256$260000$uAUqysc4ItpvskJCJ7mvEC$k1AKxADaFnCIZ+hOlp+FAg1n1Zy1O/zDRUrkD4nn9zE=",
        "last_login": "2022-05-08T06:10:23.188Z",
        "is_superuser": false,
        "username": "user0000133",
        "first_name": "Abror",
        "last_name": "Mamataliev",
        "email": "mamataliev26@mail.ru",
        "is_staff": false,
        "is_active": true,
        "date_joined": "2022-04-30T18:26:36.354Z",
        "groups": [],
        "user_permissions": []
    }
},
{
    "model": "auth.user",
    "pk": 46,
    "fields": {
        "password": "pbkdf2_sha256$260000$2a3hnbzQyBVv5WagzG9jjg$yybupZfQC7YAGXduGYOOkQRfgPWFqyatrdABQ/3bm6s=",
        "last_login": null,
        "is_superuser": false,
        "username": "user0000136",
        "first_name": "Ulug'bek",
        "last_name": "Abdusamatov",
        "email": "aaa",
        "is_staff": false,
        "is_active": true,
        "date_joined": "2022-05-01T06:08:42.098Z",
        "groups": [],
        "user_permissions": []
    }
},
{
    "model": "auth.user",
    "pk": 47,
    "fields": {
        "password": "pbkdf2_sha256$260000$V39YqJqtorMwS3c7ZtsYtR$HM2JFm5ENH6inD70PC4uU/Nj5Wy9Sly3Oi7jPXqopp8=",
        "last_login": "2022-05-07T12:06:46.202Z",
        "is_superuser": false,
        "username": "user0000149",
        "first_name": "Saidjon",
        "last_name": "Boboyev",
        "email": "",
        "is_staff": false,
        "is_active": true,
        "date_joined": "2022-05-07T12:06:45.557Z",
        "groups": [],
        "user_permissions": []
    }
},
{
    "model": "auth.user",
    "pk": 48,
    "fields": {
        "password": "pbkdf2_sha256$260000$D7p2jRJDf3xBhQaE7aNB5R$QnhPfDQp8oHMHxARqoWWVc7J3BcolAFtSzIRAPyJ7U8=",
        "last_login": "2022-05-08T05:23:10.792Z",
        "is_superuser": false,
        "username": "user0000150",
        "first_name": "Jjr",
        "last_name": "Nn",
        "email": "",
        "is_staff": false,
        "is_active": true,
        "date_joined": "2022-05-08T05:23:10.191Z",
        "groups": [],
        "user_permissions": []
    }
},
{
    "model": "auth.user",
    "pk": 49,
    "fields": {
        "password": "pbkdf2_sha256$260000$tOoymroAil0RfZMojX3bDj$2ehEjA0dSwDMX77/+hjhnVU+j/UaGeEDJhUa3psxo84=",
        "last_login": "2022-05-08T06:16:27.721Z",
        "is_superuser": false,
        "username": "user0000151",
        "first_name": "q",
        "last_name": "w",
        "email": "",
        "is_staff": false,
        "is_active": true,
        "date_joined": "2022-05-08T06:16:27.133Z",
        "groups": [],
        "user_permissions": []
    }
},
{
    "model": "auth.user",
    "pk": 50,
    "fields": {
        "password": "pbkdf2_sha256$260000$klhHZHDtlCpghWWvEWF2h0$IzUaz9uI+++dkQTuJ7t0Z234Y3L3/KdVhJGcyrxQ5gs=",
        "last_login": null,
        "is_superuser": false,
        "username": "user0000152",
        "first_name": "shohruh ",
        "last_name": "Nematov",
        "email": "shohruh7821@gmail.com",
        "is_staff": false,
        "is_active": true,
        "date_joined": "2022-05-09T13:08:40.167Z",
        "groups": [],
        "user_permissions": []
    }
},
{
    "model": "auth.user",
    "pk": 51,
    "fields": {
        "password": "pbkdf2_sha256$260000$2inmyloyOzbQ6ojQipt8Ui$OD+gTDlJ3GCKwk0voRP8pusJeGj+1XVQIWaalr1AGwU=",
        "last_login": null,
        "is_superuser": false,
        "username": "user0000153",
        "first_name": "Gulom",
        "last_name": "Qudratov",
        "email": "",
        "is_staff": false,
        "is_active": true,
        "date_joined": "2022-05-10T04:52:46.019Z",
        "groups": [],
        "user_permissions": []
    }
},
{
    "model": "auth.user",
    "pk": 52,
    "fields": {
        "password": "pbkdf2_sha256$260000$QkXgMNVVuybfQ5YytXe88X$fAz9Dzii4ZU9urnH/LxS2muNpqWz1nrPnBnoSZr/wI4=",
        "last_login": null,
        "is_superuser": false,
        "username": "user0000154",
        "first_name": "Abdulla",
        "last_name": "Qurbonov",
        "email": "",
        "is_staff": false,
        "is_active": true,
        "date_joined": "2022-05-10T05:54:35.701Z",
        "groups": [],
        "user_permissions": []
    }
},
{
    "model": "auth.user",
    "pk": 53,
    "fields": {
        "password": "pbkdf2_sha256$260000$JAqbNoABWjoKrGSAlllRuf$QH9Vg8NXQ17QitNr3DjvnRbFWmAGNprJ6mA7CYrHRNs=",
        "last_login": null,
        "is_superuser": false,
        "username": "nurbek",
        "first_name": "Eshbadalov",
        "last_name": "Nurbek",
        "email": "",
        "is_staff": false,
        "is_active": true,
        "date_joined": "2022-05-12T04:21:45Z",
        "groups": [],
        "user_permissions": []
    }
},
{
    "model": "auth.user",
    "pk": 54,
    "fields": {
        "password": "pbkdf2_sha256$260000$srjiu3iOlBaj26X9PQIy5y$fIC/Oj/fB89mdhI5yvZXpcPRhksZoryv+mDS/UxTPdk=",
        "last_login": null,
        "is_superuser": false,
        "username": "usmonovfarkhod",
        "first_name": "Farhod",
        "last_name": "Usmanov",
        "email": "",
        "is_staff": false,
        "is_active": true,
        "date_joined": "2022-05-12T04:33:08Z",
        "groups": [],
        "user_permissions": []
    }
},
{
    "model": "auth.user",
    "pk": 55,
    "fields": {
        "password": "pbkdf2_sha256$260000$3tSSyYZFD8VS24hQqDLRKh$KJbtHQQkotyxcjSJrwJBOAjwwwMHG62jrj/tIDHVna4=",
        "last_login": null,
        "is_superuser": false,
        "username": "Sadaf",
        "first_name": "Sadaf",
        "last_name": "Stomatologiya",
        "email": "",
        "is_staff": false,
        "is_active": true,
        "date_joined": "2022-05-12T09:09:05Z",
        "groups": [],
        "user_permissions": []
    }
},
{
    "model": "auth.user",
    "pk": 56,
    "fields": {
        "password": "pbkdf2_sha256$260000$zAeGiFgciEEyObEPvsLuzA$RvkAXt25fc5AZiVqhisv6oQ4hitq/jrH57SGwPC7Jek=",
        "last_login": "2022-05-12T14:27:40.866Z",
        "is_superuser": false,
        "username": "saidabror",
        "first_name": "Saidabror",
        "last_name": "Saidakbarov",
        "email": "",
        "is_staff": false,
        "is_active": true,
        "date_joined": "2022-05-12T14:08:01Z",
        "groups": [],
        "user_permissions": []
    }
},
{
    "model": "auth.user",
    "pk": 57,
    "fields": {
        "password": "pbkdf2_sha256$260000$hRr0KKfzwWBCktH9wMHyZV$phw4RYQDOSr+sjIm6VPrezVIfK2Fs7nBy5LQMeHLlbE=",
        "last_login": null,
        "is_superuser": false,
        "username": "user0000155",
        "first_name": "Javlon",
        "last_name": "Karimov",
        "email": "",
        "is_staff": false,
        "is_active": true,
        "date_joined": "2022-05-17T13:45:39.152Z",
        "groups": [],
        "user_permissions": []
    }
},
{
    "model": "auth.user",
    "pk": 58,
    "fields": {
        "password": "pbkdf2_sha256$260000$94jYwyl2xPjYyCFRQ25VbO$TdScB/cJkwrDM+kLKrjcKgp1/Mb1xX1kVaMNs+O5gPU=",
        "last_login": null,
        "is_superuser": false,
        "username": "user0000156",
        "first_name": "Saidabror",
        "last_name": "",
        "email": "",
        "is_staff": false,
        "is_active": true,
        "date_joined": "2022-05-18T06:05:51.993Z",
        "groups": [],
        "user_permissions": []
    }
},
{
    "model": "auth.user",
    "pk": 59,
    "fields": {
        "password": "pbkdf2_sha256$260000$lVnnq4zKOporMFD9yfAWHb$Q6BDTUxgf8vtxjglx2SVxomC//XSHKoKqO+smm8PTX0=",
        "last_login": null,
        "is_superuser": false,
        "username": "user0000157",
        "first_name": "Jamshid",
        "last_name": "Karimov",
        "email": "",
        "is_staff": false,
        "is_active": true,
        "date_joined": "2022-06-01T16:43:28.813Z",
        "groups": [],
        "user_permissions": []
    }
},
{
    "model": "auth.user",
    "pk": 60,
    "fields": {
        "password": "pbkdf2_sha256$260000$Bt1uxx8A4YU9pZJJHV8gyA$Bod/0EgS4nWDcd+UZ2d+DWmlmWaXbwao8nQITjsB0EM=",
        "last_login": null,
        "is_superuser": false,
        "username": "user0000158",
        "first_name": "Asad",
        "last_name": "Rahmatov",
        "email": "",
        "is_staff": false,
        "is_active": true,
        "date_joined": "2022-06-28T16:57:41.963Z",
        "groups": [],
        "user_permissions": []
    }
},
{
    "model": "baseapp.language",
    "pk": 1,
    "fields": {
        "name": "uz"
    }
},
{
    "model": "baseapp.language",
    "pk": 2,
    "fields": {
        "name": "ru"
    }
},
{
    "model": "baseapp.language",
    "pk": 3,
    "fields": {
        "name": "en"
    }
},
{
    "model": "baseapp.region",
    "pk": 1,
    "fields": {
        "name": "Toshkent shahri"
    }
},
{
    "model": "baseapp.region",
    "pk": 2,
    "fields": {
        "name": "Toshkent viloyati"
    }
},
{
    "model": "baseapp.region",
    "pk": 3,
    "fields": {
        "name": "Samarqand viloyati"
    }
},
{
    "model": "baseapp.region",
    "pk": 4,
    "fields": {
        "name": "Buxoro viloyati"
    }
},
{
    "model": "baseapp.region",
    "pk": 5,
    "fields": {
        "name": "Andijon viloyati"
    }
},
{
    "model": "baseapp.region",
    "pk": 6,
    "fields": {
        "name": "Farg'ona viloyati"
    }
},
{
    "model": "baseapp.region",
    "pk": 7,
    "fields": {
        "name": "Namangan viloyati"
    }
},
{
    "model": "baseapp.region",
    "pk": 8,
    "fields": {
        "name": "Qashqadaryo viloyati"
    }
},
{
    "model": "baseapp.region",
    "pk": 9,
    "fields": {
        "name": "Surxondaryo viloyati"
    }
},
{
    "model": "baseapp.region",
    "pk": 10,
    "fields": {
        "name": "Sirdaryo viloyati"
    }
},
{
    "model": "baseapp.region",
    "pk": 11,
    "fields": {
        "name": "Jizzax viloyati"
    }
},
{
    "model": "baseapp.region",
    "pk": 12,
    "fields": {
        "name": "Xorazm viloyati"
    }
},
{
    "model": "baseapp.region",
    "pk": 13,
    "fields": {
        "name": "Navoiy viloyati"
    }
},
{
    "model": "baseapp.region",
    "pk": 14,
    "fields": {
        "name": "Qoraqalpog'iston Respublikasi"
    }
},
{
    "model": "baseapp.gender",
    "pk": 1,
    "fields": {
        "name": "Erkak"
    }
},
{
    "model": "baseapp.gender",
    "pk": 2,
    "fields": {
        "name": "Ayol"
    }
},
{
    "model": "bot.user",
    "pk": 1,
    "fields": {
        "name": "عأبرر",
        "lastname": "ممتليف",
        "tg_user_id": "657368864",
        "language": 2,
        "status": "mainmenu",
        "current_page": 0,
        "latitude": 41.360889,
        "longitude": 69.339642
    }
},
{
    "model": "bot.user",
    "pk": 8,
    "fields": {
        "name": "BlurCode Studio",
        "lastname": "Manager",
        "tg_user_id": "1675196466",
        "language": 1,
        "status": "mainmenu",
        "current_page": 0,
        "latitude": 0.0,
        "longitude": 0.0
    }
},
{
    "model": "bot.user",
    "pk": 12,
    "fields": {
        "name": "MyDentist",
        "lastname": "Company",
        "tg_user_id": "5070365397",
        "language": 1,
        "status": "mainmenu",
        "current_page": 0,
        "latitude": 0.0,
        "longitude": 0.0
    }
},
{
    "model": "bot.user",
    "pk": 19,
    "fields": {
        "name": "Abdusamad",
        "lastname": "Murotov",
        "tg_user_id": "803057779",
        "language": 2,
        "status": "Укладка брикетов. Керамическая",
        "current_page": 1,
        "latitude": 0.0,
        "longitude": 0.0
    }
},
{
    "model": "bot.user",
    "pk": 20,
    "fields": {
        "name": "Azizbek Salomov",
        "lastname": null,
        "tg_user_id": "342817143",
        "language": 2,
        "status": "mainmenu",
        "current_page": 0,
        "latitude": 0.0,
        "longitude": 0.0
    }
},
{
    "model": "bot.user",
    "pk": 21,
    "fields": {
        "name": "Aziza",
        "lastname": "Ikramova",
        "tg_user_id": "1229968543",
        "language": 1,
        "status": "Protez. Oddiy",
        "current_page": 1,
        "latitude": 0.0,
        "longitude": 0.0
    }
},
{
    "model": "dentist.clinic",
    "pk": 1,
    "fields": {
        "name": "Sog'lom tabassum",
        "region": 5,
        "latitude": 40.784638,
        "longitude": 72.332524
    }
},
{
    "model": "dentist.clinic",
    "pk": 2,
    "fields": {
        "name": "Biostomadent",
        "region": 5,
        "latitude": 40.808288,
        "longitude": 72.344401
    }
},
{
    "model": "dentist.clinic",
    "pk": 3,
    "fields": {
        "name": "Musaffo Stoma Servis",
        "region": 5,
        "latitude": 40.778628,
        "longitude": 72.355082
    }
},
{
    "model": "dentist.clinic",
    "pk": 4,
    "fields": {
        "name": "\"Xurshid\" davolash muassasasi",
        "region": 5,
        "latitude": 40.761752,
        "longitude": 72.349655
    }
},
{
    "model": "dentist.clinic",
    "pk": 5,
    "fields": {
        "name": "Family Dent",
        "region": 5,
        "latitude": 40.77452,
        "longitude": 72.357308
    }
},
{
    "model": "dentist.clinic",
    "pk": 6,
    "fields": {
        "name": "Medical Pro klinikasi",
        "region": 5,
        "latitude": 40.746311,
        "longitude": 72.320613
    }
},
{
    "model": "dentist.clinic",
    "pk": 7,
    "fields": {
        "name": "Red-White Dental Clinic",
        "region": 5,
        "latitude": 40.770132,
        "longitude": 72.340377
    }
},
{
    "model": "dentist.clinic",
    "pk": 8,
    "fields": {
        "name": "Neodent Clinic",
        "region": 5,
        "latitude": 40.810443,
        "longitude": 72.323543
    }
},
{
    "model": "dentist.clinic",
    "pk": 9,
    "fields": {
        "name": "Andijon viloyat stomatologiya poliklinikasi",
        "region": 5,
        "latitude": 40.790022,
        "longitude": 72.333112
    }
},
{
    "model": "dentist.clinic",
    "pk": 10,
    "fields": {
        "name": "Stomatologiya",
        "region": 5,
        "latitude": 40.646161,
        "longitude": 72.244197
    }
},
{
    "model": "dentist.clinic",
    "pk": 11,
    "fields": {
        "name": "Viloyat bolalar stomatologiya poliklinikasi",
        "region": 5,
        "latitude": 40.795181,
        "longitude": 72.348533
    }
},
{
    "model": "dentist.clinic",
    "pk": 12,
    "fields": {
        "name": "\"Stomatolog\" klinikasi (Gorodskoy)",
        "region": 5,
        "latitude": 40.751179,
        "longitude": 72.354252
    }
},
{
    "model": "dentist.clinic",
    "pk": 13,
    "fields": {
        "name": "Oila-dent klinikasi",
        "region": 5,
        "latitude": 40.762634,
        "longitude": 72.366836
    }
},
{
    "model": "dentist.clinic",
    "pk": 14,
    "fields": {
        "name": "TUIT",
        "region": 1,
        "latitude": 41.3404637,
        "longitude": 69.2856588
    }
},
{
    "model": "dentist.clinic",
    "pk": 18,
    "fields": {
        "name": "Ideal Stom Clinic",
        "region": 1,
        "latitude": 41.304701,
        "longitude": 69.323181
    }
},
{
    "model": "dentist.clinic",
    "pk": 19,
    "fields": {
        "name": "MyDentist",
        "region": 7,
        "latitude": 41.185554,
        "longitude": 71.51572
    }
},
{
    "model": "dentist.clinic",
    "pk": 20,
    "fields": {
        "name": "Toshkent davlat stomatologiya instituti",
        "region": 1,
        "latitude": 41.3093831,
        "longitude": 69.297401
    }
},
{
    "model": "dentist.clinic",
    "pk": 21,
    "fields": {
        "name": "Sadaf",
        "region": 1,
        "latitude": 41.3246385,
        "longitude": 69.3233423
    }
},
{
    "model": "dentist.clinic_translation",
    "pk": 1,
    "fields": {
        "clinic": 1,
        "name": "Sog'lom tabassum",
        "address": "Bobur shoh ko'chasi, 109-b uy",
        "orientir": "Hamkor biznes markazi",
        "language": 1
    }
},
{
    "model": "dentist.clinic_translation",
    "pk": 2,
    "fields": {
        "clinic": 1,
        "name": "Sog'lom tabassum",
        "address": "Проспект Бабура, 109-б",
        "orientir": "Бизнес-центр Хамкор",
        "language": 2
    }
},
{
    "model": "dentist.clinic_translation",
    "pk": 3,
    "fields": {
        "clinic": 1,
        "name": "Sog'lom tabassum",
        "address": "Проспект Бабура, 109-б",
        "orientir": "Бизнес-центр Хамкор",
        "language": 3
    }
},
{
    "model": "dentist.clinic_translation",
    "pk": 4,
    "fields": {
        "clinic": 2,
        "name": "Biostomadent",
        "address": "Pirmuhammedov ko'chasi",
        "orientir": "Trikotaj",
        "language": 1
    }
},
{
    "model": "dentist.clinic_translation",
    "pk": 5,
    "fields": {
        "clinic": 2,
        "name": "Biostomadent",
        "address": "Улица Пирмухаммедова",
        "orientir": "Трикотаж",
        "language": 2
    }
},
{
    "model": "dentist.clinic_translation",
    "pk": 6,
    "fields": {
        "clinic": 2,
        "name": "Biostomadent",
        "address": "Улица Пирмухаммедова",
        "orientir": "Трикотаж",
        "language": 3
    }
},
{
    "model": "dentist.clinic_translation",
    "pk": 7,
    "fields": {
        "clinic": 3,
        "name": "Musaffo Stoma Servis",
        "address": "Navoiy shoh ko'chasi",
        "orientir": "Andijon viloyati hokimiyati",
        "language": 1
    }
},
{
    "model": "dentist.clinic_translation",
    "pk": 8,
    "fields": {
        "clinic": 3,
        "name": "Musaffo Stoma Servis",
        "address": "Проспект Навои",
        "orientir": "Хокимият Андижанской области",
        "language": 2
    }
},
{
    "model": "dentist.clinic_translation",
    "pk": 9,
    "fields": {
        "clinic": 3,
        "name": "Musaffo Stoma Servis",
        "address": "Проспект Навои",
        "orientir": "Хокимият Андижанской области",
        "language": 3
    }
},
{
    "model": "dentist.clinic_translation",
    "pk": 10,
    "fields": {
        "clinic": 4,
        "name": "\"Xurshid\" davolash muassasasi",
        "address": "Dalvarzin dahasi, Sarbon ko'chasi, 12-uy",
        "orientir": null,
        "language": 1
    }
},
{
    "model": "dentist.clinic_translation",
    "pk": 11,
    "fields": {
        "clinic": 4,
        "name": "Медицинское учреждение \"Xurshid\"",
        "address": "Квартал Далварзин, улица Сарбон, 12",
        "orientir": null,
        "language": 2
    }
},
{
    "model": "dentist.clinic_translation",
    "pk": 12,
    "fields": {
        "clinic": 4,
        "name": "Медицинское учреждение \"Xurshid\"",
        "address": "Квартал Далварзин, улица Сарбон, 12",
        "orientir": null,
        "language": 3
    }
},
{
    "model": "dentist.clinic_translation",
    "pk": 13,
    "fields": {
        "clinic": 5,
        "name": "Family Dent",
        "address": "Navoiy shoh ko'chasi",
        "orientir": null,
        "language": 1
    }
},
{
    "model": "dentist.clinic_translation",
    "pk": 14,
    "fields": {
        "clinic": 5,
        "name": "Family Dent",
        "address": "Проспект Навои",
        "orientir": null,
        "language": 2
    }
},
{
    "model": "dentist.clinic_translation",
    "pk": 15,
    "fields": {
        "clinic": 5,
        "name": "Family Dent",
        "address": "Проспект Навои",
        "orientir": null,
        "language": 3
    }
},
{
    "model": "dentist.clinic_translation",
    "pk": 16,
    "fields": {
        "clinic": 6,
        "name": "Medical Pro klinikasi",
        "address": "A. Yo'ldashev ko'chasi",
        "orientir": "Visus ko'z klinikasi yonida",
        "language": 1
    }
},
{
    "model": "dentist.clinic_translation",
    "pk": 17,
    "fields": {
        "clinic": 6,
        "name": "Клиника Medical Pro",
        "address": "Улица А.Юлдашева",
        "orientir": "Глазная клиника",
        "language": 2
    }
},
{
    "model": "dentist.clinic_translation",
    "pk": 18,
    "fields": {
        "clinic": 6,
        "name": "Клиника Medical Pro",
        "address": "Улица А.Юлдашева",
        "orientir": "Глазная клиника",
        "language": 3
    }
},
{
    "model": "dentist.clinic_translation",
    "pk": 19,
    "fields": {
        "clinic": 7,
        "name": "Red-White Dental Clinic",
        "address": "Bobur shoh ko'chasi",
        "orientir": "Hamkorbank bosh ofisi",
        "language": 1
    }
},
{
    "model": "dentist.clinic_translation",
    "pk": 20,
    "fields": {
        "clinic": 7,
        "name": "Red-White Dental Clinic",
        "address": "Проспект Бабура",
        "orientir": "Главный офис Хамкорбанк",
        "language": 2
    }
},
{
    "model": "dentist.clinic_translation",
    "pk": 21,
    "fields": {
        "clinic": 7,
        "name": "Red-White Dental Clinic",
        "address": "Проспект Бабура",
        "orientir": "Главный офис Хамкорбанк",
        "language": 3
    }
},
{
    "model": "dentist.clinic_translation",
    "pk": 22,
    "fields": {
        "clinic": 8,
        "name": "Neodent Clinic",
        "address": "Shimoliy kichik daha, Bobur shoh ko'chasi",
        "orientir": "Gumbaz parhez taomlari",
        "language": 1
    }
},
{
    "model": "dentist.clinic_translation",
    "pk": 23,
    "fields": {
        "clinic": 8,
        "name": "Neodent Clinic",
        "address": "Северный малый квартал, проспект Бабура",
        "orientir": "Диетические блюда Гумбаз",
        "language": 2
    }
},
{
    "model": "dentist.clinic_translation",
    "pk": 24,
    "fields": {
        "clinic": 8,
        "name": "Neodent Clinic",
        "address": "Северный малый квартал, проспект Бабура",
        "orientir": "Диетические блюда Гумбаз",
        "language": 3
    }
},
{
    "model": "dentist.clinic_translation",
    "pk": 25,
    "fields": {
        "clinic": 9,
        "name": "Andijon viloyat stomatologiya poliklinikasi",
        "address": "Bobur shoh ko'chasi 87-uy",
        "orientir": "1-tug'ruqxona",
        "language": 1
    }
},
{
    "model": "dentist.clinic_translation",
    "pk": 26,
    "fields": {
        "clinic": 9,
        "name": "Андижанская областная стоматологическая поликлиника",
        "address": "Проспект Бабура, 87",
        "orientir": "1-роддом",
        "language": 2
    }
},
{
    "model": "dentist.clinic_translation",
    "pk": 27,
    "fields": {
        "clinic": 9,
        "name": "Андижанская областная стоматологическая поликлиника",
        "address": "Проспект Бабура, 87",
        "orientir": "1-роддом",
        "language": 3
    }
},
{
    "model": "dentist.clinic_translation",
    "pk": 28,
    "fields": {
        "clinic": 10,
        "name": "Stomatologiya",
        "address": "Asaka shahar",
        "orientir": null,
        "language": 1
    }
},
{
    "model": "dentist.clinic_translation",
    "pk": 29,
    "fields": {
        "clinic": 10,
        "name": "Стоматология",
        "address": "Город Асака",
        "orientir": null,
        "language": 2
    }
},
{
    "model": "dentist.clinic_translation",
    "pk": 30,
    "fields": {
        "clinic": 10,
        "name": "Стоматология",
        "address": "Город Асака",
        "orientir": null,
        "language": 3
    }
},
{
    "model": "dentist.clinic_translation",
    "pk": 31,
    "fields": {
        "clinic": 11,
        "name": "Viloyat bolalar stomatologiya poliklinikasi",
        "address": "Baynalmilal ko'chasi (Cho'lpon)",
        "orientir": "Yoshlar markazi",
        "language": 1
    }
},
{
    "model": "dentist.clinic_translation",
    "pk": 32,
    "fields": {
        "clinic": 11,
        "name": "Областная детская стоматологическая поликлиника",
        "address": "Улица Байналминал (Чулпана)",
        "orientir": "Центр молодёжи",
        "language": 2
    }
},
{
    "model": "dentist.clinic_translation",
    "pk": 33,
    "fields": {
        "clinic": 11,
        "name": "Regional children's dental clinic",
        "address": "Baynalmilal street (Chulpon)",
        "orientir": "Center of youngs",
        "language": 3
    }
},
{
    "model": "dentist.clinic_translation",
    "pk": 34,
    "fields": {
        "clinic": 12,
        "name": "\"Stomatolog\" klinikasi (Gorodskoy)",
        "address": "3-Mikrorayon",
        "orientir": null,
        "language": 1
    }
},
{
    "model": "dentist.clinic_translation",
    "pk": 35,
    "fields": {
        "clinic": 12,
        "name": "Клиника \"Стоматолог\" (Городская)",
        "address": "3-Микрорайон",
        "orientir": null,
        "language": 2
    }
},
{
    "model": "dentist.clinic_translation",
    "pk": 36,
    "fields": {
        "clinic": 12,
        "name": "Клиника \"Стоматолог\" (Городская)",
        "address": "3-Микрорайон",
        "orientir": null,
        "language": 3
    }
},
{
    "model": "dentist.clinic_translation",
    "pk": 37,
    "fields": {
        "clinic": 13,
        "name": "Oila-dent klinikasi",
        "address": "Prospekt. Dukchi eshon ko'chasi 24-b uy",
        "orientir": "Tashkent Premium to'yxonasi",
        "language": 1
    }
},
{
    "model": "dentist.clinic_translation",
    "pk": 38,
    "fields": {
        "clinic": 13,
        "name": "Клиника Oila-dent",
        "address": "Проспект. Улица Дукчи Эшон 24-б",
        "orientir": "Tashkent Premium",
        "language": 2
    }
},
{
    "model": "dentist.clinic_translation",
    "pk": 39,
    "fields": {
        "clinic": 13,
        "name": "Клиника Oila-dent",
        "address": "Проспект. Улица Дукчи Эшон 24-б",
        "orientir": "Tashkent Premium",
        "language": 3
    }
},
{
    "model": "dentist.clinic_translation",
    "pk": 40,
    "fields": {
        "clinic": 14,
        "name": "TUIT",
        "address": "",
        "orientir": "",
        "language": 1
    }
},
{
    "model": "dentist.clinic_translation",
    "pk": 41,
    "fields": {
        "clinic": 14,
        "name": "TUIT",
        "address": "",
        "orientir": "",
        "language": 2
    }
},
{
    "model": "dentist.clinic_translation",
    "pk": 42,
    "fields": {
        "clinic": 14,
        "name": "TUIT",
        "address": "",
        "orientir": "",
        "language": 3
    }
},
{
    "model": "dentist.clinic_translation",
    "pk": 43,
    "fields": {
        "clinic": 18,
        "name": "Ideal Stom",
        "address": "Muqimiy ko'chasi",
        "orientir": "Texnopark, Tapoich",
        "language": 1
    }
},
{
    "model": "dentist.clinic_translation",
    "pk": 44,
    "fields": {
        "clinic": 18,
        "name": "Ideal Stom",
        "address": "Мукими улица",
        "orientir": "Технопарк, Тапоич",
        "language": 2
    }
},
{
    "model": "dentist.clinic_translation",
    "pk": 45,
    "fields": {
        "clinic": 18,
        "name": "Ideal Stom",
        "address": "Muqimiy street",
        "orientir": "Texnopark, Tapoich",
        "language": 3
    }
},
{
    "model": "dentist.clinic_translation",
    "pk": 46,
    "fields": {
        "clinic": 19,
        "name": "MyDentist",
        "address": "Namangan, Kosonsoy",
        "orientir": "4-OP",
        "language": 1
    }
},
{
    "model": "dentist.clinic_translation",
    "pk": 47,
    "fields": {
        "clinic": 19,
        "name": "MyDentist",
        "address": "",
        "orientir": "",
        "language": 2
    }
},
{
    "model": "dentist.clinic_translation",
    "pk": 48,
    "fields": {
        "clinic": 19,
        "name": "MyDentist",
        "address": "",
        "orientir": "",
        "language": 3
    }
},
{
    "model": "dentist.clinic_translation",
    "pk": 49,
    "fields": {
        "clinic": 20,
        "name": "Toshkent Davlat Stomatologiya Instituti",
        "address": "Toshkent tibbiyot akademiyasi 3",
        "orientir": "Eski ToshMI",
        "language": 1
    }
},
{
    "model": "dentist.clinic_translation",
    "pk": 50,
    "fields": {
        "clinic": 20,
        "name": "Ташкентский Государственный Стоматологический Институт",
        "address": "Ташкентская медицинская академия 3",
        "orientir": "Старый ТашМИ",
        "language": 2
    }
},
{
    "model": "dentist.clinic_translation",
    "pk": 51,
    "fields": {
        "clinic": 20,
        "name": "Tashkent State Dental Institute",
        "address": "Tashkent medical academy",
        "orientir": "Old TashMI",
        "language": 3
    }
},
{
    "model": "dentist.clinic_translation",
    "pk": 52,
    "fields": {
        "clinic": 21,
        "name": "Sadaf",
        "address": "Mirzo Ulug‘bek tumani",
        "orientir": "Diplomatiya universiteti",
        "language": 1
    }
},
{
    "model": "dentist.clinic_translation",
    "pk": 53,
    "fields": {
        "clinic": 21,
        "name": "Sadaf",
        "address": "Мирзо Улугбекский район",
        "orientir": "Университет дипломатии",
        "language": 2
    }
},
{
    "model": "dentist.clinic_translation",
    "pk": 54,
    "fields": {
        "clinic": 21,
        "name": "Sadaf",
        "address": "Mirzo Ulugbek district",
        "orientir": "Diplomacy university",
        "language": 3
    }
},
{
    "model": "dentist.service_category",
    "pk": 1,
    "fields": {
        "name": "Konsultatsiya"
    }
},
{
    "model": "dentist.service_category",
    "pk": 2,
    "fields": {
        "name": "Tish olish"
    }
},
{
    "model": "dentist.service_category",
    "pk": 3,
    "fields": {
        "name": "Plomba"
    }
},
{
    "model": "dentist.service_category",
    "pk": 4,
    "fields": {
        "name": "Tishlarni professional tozalash"
    }
},
{
    "model": "dentist.service_category",
    "pk": 5,
    "fields": {
        "name": "Tishlarni oqartirish (zoom)"
    }
},
{
    "model": "dentist.service_category",
    "pk": 6,
    "fields": {
        "name": "Sirkoniy dioksid tishlar"
    }
},
{
    "model": "dentist.service_category",
    "pk": 7,
    "fields": {
        "name": "Metallokeramik tishlar"
    }
},
{
    "model": "dentist.service_category",
    "pk": 8,
    "fields": {
        "name": "Metall tishlar"
    }
},
{
    "model": "dentist.service_category",
    "pk": 9,
    "fields": {
        "name": "Implant"
    }
},
{
    "model": "dentist.service_category",
    "pk": 10,
    "fields": {
        "name": "Breket (sim tortish)"
    }
},
{
    "model": "dentist.service_category",
    "pk": 11,
    "fields": {
        "name": "Protez"
    }
},
{
    "model": "dentist.service_category_translation",
    "pk": 1,
    "fields": {
        "name": "Konsultatsiya",
        "service_category": 1,
        "language": 1
    }
},
{
    "model": "dentist.service_category_translation",
    "pk": 2,
    "fields": {
        "name": "Консультация",
        "service_category": 1,
        "language": 2
    }
},
{
    "model": "dentist.service_category_translation",
    "pk": 3,
    "fields": {
        "name": "Consultation",
        "service_category": 1,
        "language": 3
    }
},
{
    "model": "dentist.service_category_translation",
    "pk": 4,
    "fields": {
        "name": "Tish olish",
        "service_category": 2,
        "language": 1
    }
},
{
    "model": "dentist.service_category_translation",
    "pk": 5,
    "fields": {
        "name": "Удаление зуба",
        "service_category": 2,
        "language": 2
    }
},
{
    "model": "dentist.service_category_translation",
    "pk": 6,
    "fields": {
        "name": "Tooth deletion",
        "service_category": 2,
        "language": 3
    }
},
{
    "model": "dentist.service_category_translation",
    "pk": 7,
    "fields": {
        "name": "Plomba",
        "service_category": 3,
        "language": 1
    }
},
{
    "model": "dentist.service_category_translation",
    "pk": 8,
    "fields": {
        "name": "Пломба",
        "service_category": 3,
        "language": 2
    }
},
{
    "model": "dentist.service_category_translation",
    "pk": 9,
    "fields": {
        "name": "Dental filling",
        "service_category": 3,
        "language": 3
    }
},
{
    "model": "dentist.service_category_translation",
    "pk": 10,
    "fields": {
        "name": "Tishlarni professional tozalash",
        "service_category": 4,
        "language": 1
    }
},
{
    "model": "dentist.service_category_translation",
    "pk": 11,
    "fields": {
        "name": "Профессиональная чистка зубов",
        "service_category": 4,
        "language": 2
    }
},
{
    "model": "dentist.service_category_translation",
    "pk": 12,
    "fields": {
        "name": "Professional teeth cleaning",
        "service_category": 4,
        "language": 3
    }
},
{
    "model": "dentist.service_category_translation",
    "pk": 13,
    "fields": {
        "name": "Tishlarni oqartirish (zoom)",
        "service_category": 5,
        "language": 1
    }
},
{
    "model": "dentist.service_category_translation",
    "pk": 14,
    "fields": {
        "name": "Отбеливание зубов (zoom)",
        "service_category": 5,
        "language": 2
    }
},
{
    "model": "dentist.service_category_translation",
    "pk": 15,
    "fields": {
        "name": "Teeth whitening (zoom)",
        "service_category": 5,
        "language": 3
    }
},
{
    "model": "dentist.service_category_translation",
    "pk": 16,
    "fields": {
        "name": "Sirkoniy dioksid tishlar",
        "service_category": 6,
        "language": 1
    }
},
{
    "model": "dentist.service_category_translation",
    "pk": 17,
    "fields": {
        "name": "Зубы из диоксида циркония",
        "service_category": 6,
        "language": 2
    }
},
{
    "model": "dentist.service_category_translation",
    "pk": 18,
    "fields": {
        "name": "Zirconia teeth",
        "service_category": 6,
        "language": 3
    }
},
{
    "model": "dentist.service_category_translation",
    "pk": 19,
    "fields": {
        "name": "Metallokeramik tishlar",
        "service_category": 7,
        "language": 1
    }
},
{
    "model": "dentist.service_category_translation",
    "pk": 20,
    "fields": {
        "name": "Металлокерамические зубы",
        "service_category": 7,
        "language": 2
    }
},
{
    "model": "dentist.service_category_translation",
    "pk": 21,
    "fields": {
        "name": "Metal-ceramic teeth",
        "service_category": 7,
        "language": 3
    }
},
{
    "model": "dentist.service_category_translation",
    "pk": 22,
    "fields": {
        "name": "Metall tishlar",
        "service_category": 8,
        "language": 1
    }
},
{
    "model": "dentist.service_category_translation",
    "pk": 23,
    "fields": {
        "name": "Металлические зубы",
        "service_category": 8,
        "language": 2
    }
},
{
    "model": "dentist.service_category_translation",
    "pk": 24,
    "fields": {
        "name": "Metal teeth",
        "service_category": 8,
        "language": 3
    }
},
{
    "model": "dentist.service_category_translation",
    "pk": 25,
    "fields": {
        "name": "Implant",
        "service_category": 9,
        "language": 1
    }
},
{
    "model": "dentist.service_category_translation",
    "pk": 26,
    "fields": {
        "name": "Имплант",
        "service_category": 9,
        "language": 2
    }
},
{
    "model": "dentist.service_category_translation",
    "pk": 27,
    "fields": {
        "name": "Implant",
        "service_category": 9,
        "language": 3
    }
},
{
    "model": "dentist.service_category_translation",
    "pk": 28,
    "fields": {
        "name": "Breket (sim tortish)",
        "service_category": 10,
        "language": 1
    }
},
{
    "model": "dentist.service_category_translation",
    "pk": 29,
    "fields": {
        "name": "Укладка брикетов",
        "service_category": 10,
        "language": 2
    }
},
{
    "model": "dentist.service_category_translation",
    "pk": 30,
    "fields": {
        "name": "Briquette",
        "service_category": 10,
        "language": 3
    }
},
{
    "model": "dentist.service_category_translation",
    "pk": 31,
    "fields": {
        "name": "Protez",
        "service_category": 11,
        "language": 1
    }
},
{
    "model": "dentist.service_category_translation",
    "pk": 32,
    "fields": {
        "name": "Протез",
        "service_category": 11,
        "language": 2
    }
},
{
    "model": "dentist.service_category_translation",
    "pk": 33,
    "fields": {
        "name": "Protez",
        "service_category": 11,
        "language": 3
    }
},
{
    "model": "dentist.reason",
    "pk": 1,
    "fields": {
        "name": "Konsultatsiya",
        "value": 1,
        "language": 1
    }
},
{
    "model": "dentist.reason",
    "pk": 2,
    "fields": {
        "name": "Консультация",
        "value": 1,
        "language": 2
    }
},
{
    "model": "dentist.reason",
    "pk": 3,
    "fields": {
        "name": "Consultation",
        "value": 1,
        "language": 3
    }
},
{
    "model": "dentist.reason",
    "pk": 4,
    "fields": {
        "name": "Tish og‘rig‘i (doimiy)",
        "value": 2,
        "language": 1
    }
},
{
    "model": "dentist.reason",
    "pk": 5,
    "fields": {
        "name": "Зубная боль (постоянная)",
        "value": 2,
        "language": 2
    }
},
{
    "model": "dentist.reason",
    "pk": 6,
    "fields": {
        "name": "Toothache (constant)",
        "value": 2,
        "language": 3
    }
},
{
    "model": "dentist.reason",
    "pk": 7,
    "fields": {
        "name": "Tish og‘rig‘i (tunda)",
        "value": 3,
        "language": 1
    }
},
{
    "model": "dentist.reason",
    "pk": 8,
    "fields": {
        "name": "Зубная боль (ночью)",
        "value": 3,
        "language": 2
    }
},
{
    "model": "dentist.reason",
    "pk": 9,
    "fields": {
        "name": "Toothache (at night)",
        "value": 3,
        "language": 3
    }
},
{
    "model": "dentist.reason",
    "pk": 10,
    "fields": {
        "name": "Tish og‘rig‘i (issiq va sovuqqa)",
        "value": 4,
        "language": 1
    }
},
{
    "model": "dentist.reason",
    "pk": 11,
    "fields": {
        "name": "Зубная боль (от горячего и от холодного)",
        "value": 4,
        "language": 2
    }
},
{
    "model": "dentist.reason",
    "pk": 12,
    "fields": {
        "name": "Toothache (hot and cold)",
        "value": 4,
        "language": 3
    }
},
{
    "model": "dentist.reason",
    "pk": 13,
    "fields": {
        "name": "Tish og‘rig‘i (faqat sovuqqa)",
        "value": 5,
        "language": 1
    }
},
{
    "model": "dentist.reason",
    "pk": 14,
    "fields": {
        "name": "Зубная боль (только от холодного)",
        "value": 5,
        "language": 2
    }
},
{
    "model": "dentist.reason",
    "pk": 15,
    "fields": {
        "name": "Toothache (cold)",
        "value": 5,
        "language": 3
    }
},
{
    "model": "dentist.reason",
    "pk": 16,
    "fields": {
        "name": "Tish og‘rig‘i (kovakka ovqat kirib qolganda)",
        "value": 6,
        "language": 1
    }
},
{
    "model": "dentist.reason",
    "pk": 17,
    "fields": {
        "name": "Зубная боль (при попадании еды в полость зуба)",
        "value": 6,
        "language": 2
    }
},
{
    "model": "dentist.reason",
    "pk": 18,
    "fields": {
        "name": "Toothache (when food gets into the tooth cavity)",
        "value": 6,
        "language": 3
    }
},
{
    "model": "dentist.reason",
    "pk": 19,
    "fields": {
        "name": "Tish og‘rig‘i (tishlaganda)",
        "value": 7,
        "language": 1
    }
},
{
    "model": "dentist.reason",
    "pk": 20,
    "fields": {
        "name": "Зубная боль (при кусании)",
        "value": 7,
        "language": 2
    }
},
{
    "model": "dentist.reason",
    "pk": 21,
    "fields": {
        "name": "Toothache (when biting)",
        "value": 7,
        "language": 3
    }
},
{
    "model": "dentist.reason",
    "pk": 22,
    "fields": {
        "name": "Tish og‘rig‘i (shirinlikda)",
        "value": 8,
        "language": 1
    }
},
{
    "model": "dentist.reason",
    "pk": 23,
    "fields": {
        "name": "Зубная боль (при употреблении сладости)",
        "value": 8,
        "language": 2
    }
},
{
    "model": "dentist.reason",
    "pk": 24,
    "fields": {
        "name": "Toothache (when eating sweets)",
        "value": 8,
        "language": 3
    }
},
{
    "model": "dentist.reason",
    "pk": 25,
    "fields": {
        "name": "Tish og‘rig‘i (jag‘ning to'la bir tomonida)",
        "value": 9,
        "language": 1
    }
},
{
    "model": "dentist.reason",
    "pk": 26,
    "fields": {
        "name": "Зубная боль (на всю сторону челюсти)",
        "value": 9,
        "language": 2
    }
},
{
    "model": "dentist.reason",
    "pk": 27,
    "fields": {
        "name": "Toothache (on the entire side of the jaw)",
        "value": 9,
        "language": 3
    }
},
{
    "model": "dentist.reason",
    "pk": 28,
    "fields": {
        "name": "Tish og‘rig‘i (ertalab, og‘izni ochganda, yutinganda)",
        "value": 10,
        "language": 1
    }
},
{
    "model": "dentist.reason",
    "pk": 29,
    "fields": {
        "name": "Зубная боль (утром, при открытии рта, при проглатывании)",
        "value": 10,
        "language": 2
    }
},
{
    "model": "dentist.reason",
    "pk": 30,
    "fields": {
        "name": "Toothache (in the morning, on opening the mouth, on swallowing)",
        "value": 10,
        "language": 3
    }
},
{
    "model": "dentist.reason",
    "pk": 31,
    "fields": {
        "name": "Tish qimirlashi",
        "value": 11,
        "language": 1
    }
},
{
    "model": "dentist.reason",
    "pk": 32,
    "fields": {
        "name": "Зуб шатается",
        "value": 11,
        "language": 2
    }
},
{
    "model": "dentist.reason",
    "pk": 33,
    "fields": {
        "name": "The tooth is loose",
        "value": 11,
        "language": 3
    }
},
{
    "model": "dentist.reason",
    "pk": 34,
    "fields": {
        "name": "Milk qonashi",
        "value": 12,
        "language": 1
    }
},
{
    "model": "dentist.reason",
    "pk": 35,
    "fields": {
        "name": "Кровоточение дёсен",
        "value": 12,
        "language": 2
    }
},
{
    "model": "dentist.reason",
    "pk": 36,
    "fields": {
        "name": "Bleeding gums",
        "value": 12,
        "language": 3
    }
},
{
    "model": "dentist.reason",
    "pk": 37,
    "fields": {
        "name": "Milk shishishi",
        "value": 13,
        "language": 1
    }
},
{
    "model": "dentist.reason",
    "pk": 38,
    "fields": {
        "name": "Отек десен",
        "value": 13,
        "language": 2
    }
},
{
    "model": "dentist.reason",
    "pk": 39,
    "fields": {
        "name": "Gum swelling",
        "value": 13,
        "language": 3
    }
},
{
    "model": "dentist.reason",
    "pk": 40,
    "fields": {
        "name": "Isitma",
        "value": 14,
        "language": 1
    }
},
{
    "model": "dentist.reason",
    "pk": 41,
    "fields": {
        "name": "Температура",
        "value": 14,
        "language": 2
    }
},
{
    "model": "dentist.reason",
    "pk": 42,
    "fields": {
        "name": "Temperature",
        "value": 14,
        "language": 3
    }
},
{
    "model": "dentist.reason",
    "pk": 43,
    "fields": {
        "name": "Tish ildiz",
        "value": 15,
        "language": 1
    }
},
{
    "model": "dentist.reason",
    "pk": 44,
    "fields": {
        "name": "Корень зуба",
        "value": 15,
        "language": 2
    }
},
{
    "model": "dentist.reason",
    "pk": 45,
    "fields": {
        "name": "Tooth root",
        "value": 15,
        "language": 3
    }
},
{
    "model": "dentist.reason",
    "pk": 46,
    "fields": {
        "name": "Estetik nuqson (ko‘rinishi yomon)",
        "value": 16,
        "language": 1
    }
},
{
    "model": "dentist.reason",
    "pk": 47,
    "fields": {
        "name": "Эстетический дефект (плохой внешний вид)",
        "value": 16,
        "language": 2
    }
},
{
    "model": "dentist.reason",
    "pk": 48,
    "fields": {
        "name": "Aesthetic defect (poor appearance)",
        "value": 16,
        "language": 3
    }
},
{
    "model": "dentist.reason",
    "pk": 49,
    "fields": {
        "name": "Kovak",
        "value": 17,
        "language": 1
    }
},
{
    "model": "dentist.reason",
    "pk": 50,
    "fields": {
        "name": "Полость зуба",
        "value": 17,
        "language": 2
    }
},
{
    "model": "dentist.reason",
    "pk": 51,
    "fields": {
        "name": "Tooth cavity",
        "value": 17,
        "language": 3
    }
},
{
    "model": "dentist.reason",
    "pk": 52,
    "fields": {
        "name": "Tish qo‘ydirish",
        "value": 18,
        "language": 1
    }
},
{
    "model": "dentist.reason",
    "pk": 53,
    "fields": {
        "name": "Вставка зуба",
        "value": 18,
        "language": 2
    }
},
{
    "model": "dentist.reason",
    "pk": 54,
    "fields": {
        "name": "Tooth insert",
        "value": 18,
        "language": 3
    }
},
{
    "model": "dentist.reason",
    "pk": 55,
    "fields": {
        "name": "Tishni oldirish",
        "value": 19,
        "language": 1
    }
},
{
    "model": "dentist.reason",
    "pk": 56,
    "fields": {
        "name": "Удаление зуба",
        "value": 19,
        "language": 2
    }
},
{
    "model": "dentist.reason",
    "pk": 57,
    "fields": {
        "name": "Tooth removal",
        "value": 19,
        "language": 3
    }
},
{
    "model": "dentist.reason",
    "pk": 58,
    "fields": {
        "name": "Tishlarni tozalatish",
        "value": 20,
        "language": 1
    }
},
{
    "model": "dentist.reason",
    "pk": 59,
    "fields": {
        "name": "Чистка зубов",
        "value": 20,
        "language": 2
    }
},
{
    "model": "dentist.reason",
    "pk": 60,
    "fields": {
        "name": "Teeth cleaning",
        "value": 20,
        "language": 3
    }
},
{
    "model": "dentist.reason",
    "pk": 61,
    "fields": {
        "name": "Implant qo‘ydirish",
        "value": 21,
        "language": 1
    }
},
{
    "model": "dentist.reason",
    "pk": 62,
    "fields": {
        "name": "Имплант",
        "value": 21,
        "language": 2
    }
},
{
    "model": "dentist.reason",
    "pk": 63,
    "fields": {
        "name": "Implant placement",
        "value": 21,
        "language": 3
    }
},
{
    "model": "dentist.reason",
    "pk": 64,
    "fields": {
        "name": "Breket qo'ydirish",
        "value": 22,
        "language": 1
    }
},
{
    "model": "dentist.reason",
    "pk": 65,
    "fields": {
        "name": "Укладка брекетов",
        "value": 22,
        "language": 2
    }
},
{
    "model": "dentist.reason",
    "pk": 66,
    "fields": {
        "name": "Bracketing",
        "value": 22,
        "language": 3
    }
},
{
    "model": "dentist.reason",
    "pk": 67,
    "fields": {
        "name": "Protez qildirish",
        "value": 23,
        "language": 1
    }
},
{
    "model": "dentist.reason",
    "pk": 68,
    "fields": {
        "name": "Протезирование",
        "value": 23,
        "language": 2
    }
},
{
    "model": "dentist.reason",
    "pk": 69,
    "fields": {
        "name": "Prosthetis",
        "value": 23,
        "language": 3
    }
},
{
    "model": "dentist.reason",
    "pk": 70,
    "fields": {
        "name": "Plombalash",
        "value": 24,
        "language": 1
    }
},
{
    "model": "dentist.reason",
    "pk": 71,
    "fields": {
        "name": "Пломба",
        "value": 24,
        "language": 2
    }
},
{
    "model": "dentist.reason",
    "pk": 72,
    "fields": {
        "name": "Filling",
        "value": 24,
        "language": 3
    }
},
{
    "model": "dentist.reason",
    "pk": 73,
    "fields": {
        "name": "Boshqa sabab",
        "value": 25,
        "language": 1
    }
},
{
    "model": "dentist.reason",
    "pk": 74,
    "fields": {
        "name": "Другая причина",
        "value": 25,
        "language": 2
    }
},
{
    "model": "dentist.reason",
    "pk": 75,
    "fields": {
        "name": "Another reason",
        "value": 25,
        "language": 3
    }
},
{
    "model": "dentist.animation",
    "pk": 1,
    "fields": {
        "name": "Aql tish",
        "file": "animations/aql_tish.mp4"
    }
},
{
    "model": "dentist.animation",
    "pk": 2,
    "fields": {
        "name": "Breket 1",
        "file": "animations/breket_1.mp4"
    }
},
{
    "model": "dentist.animation",
    "pk": 3,
    "fields": {
        "name": "Breket 2",
        "file": "animations/breket_2.mp4"
    }
},
{
    "model": "dentist.animation",
    "pk": 4,
    "fields": {
        "name": "Endo 1",
        "file": "animations/endo_1.mp4"
    }
},
{
    "model": "dentist.animation",
    "pk": 5,
    "fields": {
        "name": "Gingivoplastika",
        "file": "animations/gingivoplastika.mp4"
    }
},
{
    "model": "dentist.animation",
    "pk": 6,
    "fields": {
        "name": "Ildiz. Keramika",
        "file": "animations/ildiz._keramika.mp4"
    }
},
{
    "model": "dentist.animation",
    "pk": 7,
    "fields": {
        "name": "Implant. Gaymor",
        "file": "animations/implant._gaymor.mp4"
    }
},
{
    "model": "dentist.animation",
    "pk": 8,
    "fields": {
        "name": "Implant. Sinus lift 1",
        "file": "animations/implant._sinus_lift_1.mp4"
    }
},
{
    "model": "dentist.animation",
    "pk": 9,
    "fields": {
        "name": "Implant. Sinus lift 2",
        "file": "animations/implant._sinus_lift_2.mp4"
    }
},
{
    "model": "dentist.animation",
    "pk": 10,
    "fields": {
        "name": "Implant. Sinus lift 3",
        "file": "animations/implant._sinus_lift_3.mp4"
    }
},
{
    "model": "dentist.animation",
    "pk": 11,
    "fields": {
        "name": "Implant. Suyak o stirish 1",
        "file": "animations/implant._suyak_o_stirish_1.mp4"
    }
},
{
    "model": "dentist.animation",
    "pk": 12,
    "fields": {
        "name": "Implant. Suyak o stirish 2",
        "file": "animations/implant._suyak_o_stirish_2.mp4"
    }
},
{
    "model": "dentist.animation",
    "pk": 13,
    "fields": {
        "name": "Implant. Suyak transplantatsiya",
        "file": "animations/implant._suyak_transplantatsiya.mp4"
    }
},
{
    "model": "dentist.animation",
    "pk": 14,
    "fields": {
        "name": "Implant 11",
        "file": "animations/implant_11.mp4"
    }
},
{
    "model": "dentist.animation",
    "pk": 15,
    "fields": {
        "name": "Implant 34 35",
        "file": "animations/implant_34_35.mp4"
    }
},
{
    "model": "dentist.animation",
    "pk": 16,
    "fields": {
        "name": "Implant 36 bosqichlar",
        "file": "animations/implant_36_bosqichlar.mp4"
    }
},
{
    "model": "dentist.animation",
    "pk": 17,
    "fields": {
        "name": "Implant bridge. 34 36",
        "file": "animations/implant_bridge._34_36.mp4"
    }
},
{
    "model": "dentist.animation",
    "pk": 18,
    "fields": {
        "name": "Implant pastki j. All in 4",
        "file": "animations/implant_pastki_j._all_in_4.mp4"
    }
},
{
    "model": "dentist.animation",
    "pk": 19,
    "fields": {
        "name": "Implant pastki jag to liq ko priksimon",
        "file": "animations/implant_pastki_jag_to_liq_ko_priksimon.mp4"
    }
},
{
    "model": "dentist.animation",
    "pk": 20,
    "fields": {
        "name": "Implant pj fiks protez",
        "file": "animations/implant_pj_fiks_protez.mp4"
    }
},
{
    "model": "dentist.animation",
    "pk": 21,
    "fields": {
        "name": "Implant pj fiks protez 2",
        "file": "animations/implant_pj_fiks_protez_2.mp4"
    }
},
{
    "model": "dentist.animation",
    "pk": 22,
    "fields": {
        "name": "Implant vs ko prik",
        "file": "animations/implant_vs_ko_prik.mp4"
    }
},
{
    "model": "dentist.animation",
    "pk": 23,
    "fields": {
        "name": "Implant yj fiks protez 2",
        "file": "animations/implant_yj_fiks_protez_2.mp4"
    }
},
{
    "model": "dentist.animation",
    "pk": 24,
    "fields": {
        "name": "Implant yuqori j. All in 4",
        "file": "animations/implant_yuqori_j._all_in_4.mp4"
    }
},
{
    "model": "dentist.animation",
    "pk": 25,
    "fields": {
        "name": "Implant yuqori jag to liq ko priksimon",
        "file": "animations/implant_yuqori_jag_to_liq_ko_priksimon.mp4"
    }
},
{
    "model": "dentist.animation",
    "pk": 26,
    "fields": {
        "name": "Invisilighn",
        "file": "animations/invisilighn.mp4"
    }
},
{
    "model": "dentist.animation",
    "pk": 27,
    "fields": {
        "name": "Ko prik merilend",
        "file": "animations/ko_prik_merilend.mp4"
    }
},
{
    "model": "dentist.animation",
    "pk": 28,
    "fields": {
        "name": "Mk vs sirkon",
        "file": "animations/mk_vs_sirkon.mp4"
    }
},
{
    "model": "dentist.animation",
    "pk": 29,
    "fields": {
        "name": "Perikoronit",
        "file": "animations/perikoronit.mp4"
    }
},
{
    "model": "dentist.animation",
    "pk": 30,
    "fields": {
        "name": "Sirkon",
        "file": "animations/sirkon.mp4"
    }
},
{
    "model": "dentist.animation",
    "pk": 31,
    "fields": {
        "name": "Svetoplomba",
        "file": "animations/svetoplomba.mp4"
    }
},
{
    "model": "dentist.animation",
    "pk": 32,
    "fields": {
        "name": "Tishsizlik. Atrofiya p g fenomen",
        "file": "animations/tishsizlik._atrofiya_P_G_fenomen.mp4"
    }
},
{
    "model": "dentist.animation",
    "pk": 33,
    "fields": {
        "name": "Tishsizlik. Atrofiya p g fenomen 2",
        "file": "animations/tishsizlik._atrofiya_P_G_fenomen_2.mp4"
    }
},
{
    "model": "dentist.animation",
    "pk": 34,
    "fields": {
        "name": "Tosh ta siri 1",
        "file": "animations/tosh_ta_siri_1.mp4"
    }
},
{
    "model": "dentist.animation",
    "pk": 35,
    "fields": {
        "name": "Vinir",
        "file": "animations/vinir.mp4"
    }
},
{
    "model": "dentist.animation",
    "pk": 36,
    "fields": {
        "name": "Vinir vs mk",
        "file": "animations/vinir_vs_mk.mp4"
    }
},
{
    "model": "dentist.animation",
    "pk": 37,
    "fields": {
        "name": "Zoom 1",
        "file": "animations/zoom_1.mp4"
    }
},
{
    "model": "dentist.animation_translation",
    "pk": 1,
    "fields": {
        "name": "Aql tish",
        "animation": 1,
        "language": 1
    }
},
{
    "model": "dentist.animation_translation",
    "pk": 2,
    "fields": {
        "name": "Aql tish",
        "animation": 1,
        "language": 2
    }
},
{
    "model": "dentist.animation_translation",
    "pk": 3,
    "fields": {
        "name": "Aql tish",
        "animation": 1,
        "language": 3
    }
},
{
    "model": "dentist.animation_translation",
    "pk": 4,
    "fields": {
        "name": "Breket 1",
        "animation": 2,
        "language": 1
    }
},
{
    "model": "dentist.animation_translation",
    "pk": 5,
    "fields": {
        "name": "Breket 1",
        "animation": 2,
        "language": 2
    }
},
{
    "model": "dentist.animation_translation",
    "pk": 6,
    "fields": {
        "name": "Breket 1",
        "animation": 2,
        "language": 3
    }
},
{
    "model": "dentist.animation_translation",
    "pk": 7,
    "fields": {
        "name": "Breket 2",
        "animation": 3,
        "language": 1
    }
},
{
    "model": "dentist.animation_translation",
    "pk": 8,
    "fields": {
        "name": "Breket 2",
        "animation": 3,
        "language": 2
    }
},
{
    "model": "dentist.animation_translation",
    "pk": 9,
    "fields": {
        "name": "Breket 2",
        "animation": 3,
        "language": 3
    }
},
{
    "model": "dentist.animation_translation",
    "pk": 10,
    "fields": {
        "name": "Endo 1",
        "animation": 4,
        "language": 1
    }
},
{
    "model": "dentist.animation_translation",
    "pk": 11,
    "fields": {
        "name": "Endo 1",
        "animation": 4,
        "language": 2
    }
},
{
    "model": "dentist.animation_translation",
    "pk": 12,
    "fields": {
        "name": "Endo 1",
        "animation": 4,
        "language": 3
    }
},
{
    "model": "dentist.animation_translation",
    "pk": 13,
    "fields": {
        "name": "Gingivoplastika",
        "animation": 5,
        "language": 1
    }
},
{
    "model": "dentist.animation_translation",
    "pk": 14,
    "fields": {
        "name": "Gingivoplastika",
        "animation": 5,
        "language": 2
    }
},
{
    "model": "dentist.animation_translation",
    "pk": 15,
    "fields": {
        "name": "Gingivoplastika",
        "animation": 5,
        "language": 3
    }
},
{
    "model": "dentist.animation_translation",
    "pk": 16,
    "fields": {
        "name": "Ildiz. Keramika",
        "animation": 6,
        "language": 1
    }
},
{
    "model": "dentist.animation_translation",
    "pk": 17,
    "fields": {
        "name": "Ildiz. Keramika",
        "animation": 6,
        "language": 2
    }
},
{
    "model": "dentist.animation_translation",
    "pk": 18,
    "fields": {
        "name": "Ildiz. Keramika",
        "animation": 6,
        "language": 3
    }
},
{
    "model": "dentist.animation_translation",
    "pk": 19,
    "fields": {
        "name": "Implant. Gaymor",
        "animation": 7,
        "language": 1
    }
},
{
    "model": "dentist.animation_translation",
    "pk": 20,
    "fields": {
        "name": "Implant. Gaymor",
        "animation": 7,
        "language": 2
    }
},
{
    "model": "dentist.animation_translation",
    "pk": 21,
    "fields": {
        "name": "Implant. Gaymor",
        "animation": 7,
        "language": 3
    }
},
{
    "model": "dentist.animation_translation",
    "pk": 22,
    "fields": {
        "name": "Implant. Sinus lift 1",
        "animation": 8,
        "language": 1
    }
},
{
    "model": "dentist.animation_translation",
    "pk": 23,
    "fields": {
        "name": "Implant. Sinus lift 1",
        "animation": 8,
        "language": 2
    }
},
{
    "model": "dentist.animation_translation",
    "pk": 24,
    "fields": {
        "name": "Implant. Sinus lift 1",
        "animation": 8,
        "language": 3
    }
},
{
    "model": "dentist.animation_translation",
    "pk": 25,
    "fields": {
        "name": "Implant. Sinus lift 2",
        "animation": 9,
        "language": 1
    }
},
{
    "model": "dentist.animation_translation",
    "pk": 26,
    "fields": {
        "name": "Implant. Sinus lift 2",
        "animation": 9,
        "language": 2
    }
},
{
    "model": "dentist.animation_translation",
    "pk": 27,
    "fields": {
        "name": "Implant. Sinus lift 2",
        "animation": 9,
        "language": 3
    }
},
{
    "model": "dentist.animation_translation",
    "pk": 28,
    "fields": {
        "name": "Implant. Sinus lift 3",
        "animation": 10,
        "language": 1
    }
},
{
    "model": "dentist.animation_translation",
    "pk": 29,
    "fields": {
        "name": "Implant. Sinus lift 3",
        "animation": 10,
        "language": 2
    }
},
{
    "model": "dentist.animation_translation",
    "pk": 30,
    "fields": {
        "name": "Implant. Sinus lift 3",
        "animation": 10,
        "language": 3
    }
},
{
    "model": "dentist.animation_translation",
    "pk": 31,
    "fields": {
        "name": "Implant. Suyak o stirish 1",
        "animation": 11,
        "language": 1
    }
},
{
    "model": "dentist.animation_translation",
    "pk": 32,
    "fields": {
        "name": "Implant. Suyak o stirish 1",
        "animation": 11,
        "language": 2
    }
},
{
    "model": "dentist.animation_translation",
    "pk": 33,
    "fields": {
        "name": "Implant. Suyak o stirish 1",
        "animation": 11,
        "language": 3
    }
},
{
    "model": "dentist.animation_translation",
    "pk": 34,
    "fields": {
        "name": "Implant. Suyak o stirish 2",
        "animation": 12,
        "language": 1
    }
},
{
    "model": "dentist.animation_translation",
    "pk": 35,
    "fields": {
        "name": "Implant. Suyak o stirish 2",
        "animation": 12,
        "language": 2
    }
},
{
    "model": "dentist.animation_translation",
    "pk": 36,
    "fields": {
        "name": "Implant. Suyak o stirish 2",
        "animation": 12,
        "language": 3
    }
},
{
    "model": "dentist.animation_translation",
    "pk": 37,
    "fields": {
        "name": "Implant. Suyak transplantatsiya",
        "animation": 13,
        "language": 1
    }
},
{
    "model": "dentist.animation_translation",
    "pk": 38,
    "fields": {
        "name": "Implant. Suyak transplantatsiya",
        "animation": 13,
        "language": 2
    }
},
{
    "model": "dentist.animation_translation",
    "pk": 39,
    "fields": {
        "name": "Implant. Suyak transplantatsiya",
        "animation": 13,
        "language": 3
    }
},
{
    "model": "dentist.animation_translation",
    "pk": 40,
    "fields": {
        "name": "Implant 11",
        "animation": 14,
        "language": 1
    }
},
{
    "model": "dentist.animation_translation",
    "pk": 41,
    "fields": {
        "name": "Implant 11",
        "animation": 14,
        "language": 2
    }
},
{
    "model": "dentist.animation_translation",
    "pk": 42,
    "fields": {
        "name": "Implant 11",
        "animation": 14,
        "language": 3
    }
},
{
    "model": "dentist.animation_translation",
    "pk": 43,
    "fields": {
        "name": "Implant 34 35",
        "animation": 15,
        "language": 1
    }
},
{
    "model": "dentist.animation_translation",
    "pk": 44,
    "fields": {
        "name": "Implant 34 35",
        "animation": 15,
        "language": 2
    }
},
{
    "model": "dentist.animation_translation",
    "pk": 45,
    "fields": {
        "name": "Implant 34 35",
        "animation": 15,
        "language": 3
    }
},
{
    "model": "dentist.animation_translation",
    "pk": 46,
    "fields": {
        "name": "Implant 36 bosqichlar",
        "animation": 16,
        "language": 1
    }
},
{
    "model": "dentist.animation_translation",
    "pk": 47,
    "fields": {
        "name": "Implant 36 bosqichlar",
        "animation": 16,
        "language": 2
    }
},
{
    "model": "dentist.animation_translation",
    "pk": 48,
    "fields": {
        "name": "Implant 36 bosqichlar",
        "animation": 16,
        "language": 3
    }
},
{
    "model": "dentist.animation_translation",
    "pk": 49,
    "fields": {
        "name": "Implant bridge. 34 36",
        "animation": 17,
        "language": 1
    }
},
{
    "model": "dentist.animation_translation",
    "pk": 50,
    "fields": {
        "name": "Implant bridge. 34 36",
        "animation": 17,
        "language": 2
    }
},
{
    "model": "dentist.animation_translation",
    "pk": 51,
    "fields": {
        "name": "Implant bridge. 34 36",
        "animation": 17,
        "language": 3
    }
},
{
    "model": "dentist.animation_translation",
    "pk": 52,
    "fields": {
        "name": "Implant pastki j. All in 4",
        "animation": 18,
        "language": 1
    }
},
{
    "model": "dentist.animation_translation",
    "pk": 53,
    "fields": {
        "name": "Implant pastki j. All in 4",
        "animation": 18,
        "language": 2
    }
},
{
    "model": "dentist.animation_translation",
    "pk": 54,
    "fields": {
        "name": "Implant pastki j. All in 4",
        "animation": 18,
        "language": 3
    }
},
{
    "model": "dentist.animation_translation",
    "pk": 55,
    "fields": {
        "name": "Implant pastki jag to liq ko priksimon",
        "animation": 19,
        "language": 1
    }
},
{
    "model": "dentist.animation_translation",
    "pk": 56,
    "fields": {
        "name": "Implant pastki jag to liq ko priksimon",
        "animation": 19,
        "language": 2
    }
},
{
    "model": "dentist.animation_translation",
    "pk": 57,
    "fields": {
        "name": "Implant pastki jag to liq ko priksimon",
        "animation": 19,
        "language": 3
    }
},
{
    "model": "dentist.animation_translation",
    "pk": 58,
    "fields": {
        "name": "Implant pj fiks protez",
        "animation": 20,
        "language": 1
    }
},
{
    "model": "dentist.animation_translation",
    "pk": 59,
    "fields": {
        "name": "Implant pj fiks protez",
        "animation": 20,
        "language": 2
    }
},
{
    "model": "dentist.animation_translation",
    "pk": 60,
    "fields": {
        "name": "Implant pj fiks protez",
        "animation": 20,
        "language": 3
    }
},
{
    "model": "dentist.animation_translation",
    "pk": 61,
    "fields": {
        "name": "Implant pj fiks protez 2",
        "animation": 21,
        "language": 1
    }
},
{
    "model": "dentist.animation_translation",
    "pk": 62,
    "fields": {
        "name": "Implant pj fiks protez 2",
        "animation": 21,
        "language": 2
    }
},
{
    "model": "dentist.animation_translation",
    "pk": 63,
    "fields": {
        "name": "Implant pj fiks protez 2",
        "animation": 21,
        "language": 3
    }
},
{
    "model": "dentist.animation_translation",
    "pk": 64,
    "fields": {
        "name": "Implant vs ko prik",
        "animation": 22,
        "language": 1
    }
},
{
    "model": "dentist.animation_translation",
    "pk": 65,
    "fields": {
        "name": "Implant vs ko prik",
        "animation": 22,
        "language": 2
    }
},
{
    "model": "dentist.animation_translation",
    "pk": 66,
    "fields": {
        "name": "Implant vs ko prik",
        "animation": 22,
        "language": 3
    }
},
{
    "model": "dentist.animation_translation",
    "pk": 67,
    "fields": {
        "name": "Implant yj fiks protez 2",
        "animation": 23,
        "language": 1
    }
},
{
    "model": "dentist.animation_translation",
    "pk": 68,
    "fields": {
        "name": "Implant yj fiks protez 2",
        "animation": 23,
        "language": 2
    }
},
{
    "model": "dentist.animation_translation",
    "pk": 69,
    "fields": {
        "name": "Implant yj fiks protez 2",
        "animation": 23,
        "language": 3
    }
},
{
    "model": "dentist.animation_translation",
    "pk": 70,
    "fields": {
        "name": "Implant yuqori j. All in 4",
        "animation": 24,
        "language": 1
    }
},
{
    "model": "dentist.animation_translation",
    "pk": 71,
    "fields": {
        "name": "Implant yuqori j. All in 4",
        "animation": 24,
        "language": 2
    }
},
{
    "model": "dentist.animation_translation",
    "pk": 72,
    "fields": {
        "name": "Implant yuqori j. All in 4",
        "animation": 24,
        "language": 3
    }
},
{
    "model": "dentist.animation_translation",
    "pk": 73,
    "fields": {
        "name": "Implant yuqori jag to liq ko priksimon",
        "animation": 25,
        "language": 1
    }
},
{
    "model": "dentist.animation_translation",
    "pk": 74,
    "fields": {
        "name": "Implant yuqori jag to liq ko priksimon",
        "animation": 25,
        "language": 2
    }
},
{
    "model": "dentist.animation_translation",
    "pk": 75,
    "fields": {
        "name": "Implant yuqori jag to liq ko priksimon",
        "animation": 25,
        "language": 3
    }
},
{
    "model": "dentist.animation_translation",
    "pk": 76,
    "fields": {
        "name": "Invisilighn",
        "animation": 26,
        "language": 1
    }
},
{
    "model": "dentist.animation_translation",
    "pk": 77,
    "fields": {
        "name": "Invisilighn",
        "animation": 26,
        "language": 2
    }
},
{
    "model": "dentist.animation_translation",
    "pk": 78,
    "fields": {
        "name": "Invisilighn",
        "animation": 26,
        "language": 3
    }
},
{
    "model": "dentist.animation_translation",
    "pk": 79,
    "fields": {
        "name": "Ko prik merilend",
        "animation": 27,
        "language": 1
    }
},
{
    "model": "dentist.animation_translation",
    "pk": 80,
    "fields": {
        "name": "Ko prik merilend",
        "animation": 27,
        "language": 2
    }
},
{
    "model": "dentist.animation_translation",
    "pk": 81,
    "fields": {
        "name": "Ko prik merilend",
        "animation": 27,
        "language": 3
    }
},
{
    "model": "dentist.animation_translation",
    "pk": 82,
    "fields": {
        "name": "Mk vs sirkon",
        "animation": 28,
        "language": 1
    }
},
{
    "model": "dentist.animation_translation",
    "pk": 83,
    "fields": {
        "name": "Mk vs sirkon",
        "animation": 28,
        "language": 2
    }
},
{
    "model": "dentist.animation_translation",
    "pk": 84,
    "fields": {
        "name": "Mk vs sirkon",
        "animation": 28,
        "language": 3
    }
},
{
    "model": "dentist.animation_translation",
    "pk": 85,
    "fields": {
        "name": "Perikoronit",
        "animation": 29,
        "language": 1
    }
},
{
    "model": "dentist.animation_translation",
    "pk": 86,
    "fields": {
        "name": "Perikoronit",
        "animation": 29,
        "language": 2
    }
},
{
    "model": "dentist.animation_translation",
    "pk": 87,
    "fields": {
        "name": "Perikoronit",
        "animation": 29,
        "language": 3
    }
},
{
    "model": "dentist.animation_translation",
    "pk": 88,
    "fields": {
        "name": "Sirkon",
        "animation": 30,
        "language": 1
    }
},
{
    "model": "dentist.animation_translation",
    "pk": 89,
    "fields": {
        "name": "Sirkon",
        "animation": 30,
        "language": 2
    }
},
{
    "model": "dentist.animation_translation",
    "pk": 90,
    "fields": {
        "name": "Sirkon",
        "animation": 30,
        "language": 3
    }
},
{
    "model": "dentist.animation_translation",
    "pk": 91,
    "fields": {
        "name": "Svetoplomba",
        "animation": 31,
        "language": 1
    }
},
{
    "model": "dentist.animation_translation",
    "pk": 92,
    "fields": {
        "name": "Svetoplomba",
        "animation": 31,
        "language": 2
    }
},
{
    "model": "dentist.animation_translation",
    "pk": 93,
    "fields": {
        "name": "Svetoplomba",
        "animation": 31,
        "language": 3
    }
},
{
    "model": "dentist.animation_translation",
    "pk": 94,
    "fields": {
        "name": "Tishsizlik. Atrofiya p g fenomen",
        "animation": 32,
        "language": 1
    }
},
{
    "model": "dentist.animation_translation",
    "pk": 95,
    "fields": {
        "name": "Tishsizlik. Atrofiya p g fenomen",
        "animation": 32,
        "language": 2
    }
},
{
    "model": "dentist.animation_translation",
    "pk": 96,
    "fields": {
        "name": "Tishsizlik. Atrofiya p g fenomen",
        "animation": 32,
        "language": 3
    }
},
{
    "model": "dentist.animation_translation",
    "pk": 97,
    "fields": {
        "name": "Tishsizlik. Atrofiya p g fenomen 2",
        "animation": 33,
        "language": 1
    }
},
{
    "model": "dentist.animation_translation",
    "pk": 98,
    "fields": {
        "name": "Tishsizlik. Atrofiya p g fenomen 2",
        "animation": 33,
        "language": 2
    }
},
{
    "model": "dentist.animation_translation",
    "pk": 99,
    "fields": {
        "name": "Tishsizlik. Atrofiya p g fenomen 2",
        "animation": 33,
        "language": 3
    }
},
{
    "model": "dentist.animation_translation",
    "pk": 100,
    "fields": {
        "name": "Tosh ta siri 1",
        "animation": 34,
        "language": 1
    }
},
{
    "model": "dentist.animation_translation",
    "pk": 101,
    "fields": {
        "name": "Tosh ta siri 1",
        "animation": 34,
        "language": 2
    }
},
{
    "model": "dentist.animation_translation",
    "pk": 102,
    "fields": {
        "name": "Tosh ta siri 1",
        "animation": 34,
        "language": 3
    }
},
{
    "model": "dentist.animation_translation",
    "pk": 103,
    "fields": {
        "name": "Vinir",
        "animation": 35,
        "language": 1
    }
},
{
    "model": "dentist.animation_translation",
    "pk": 104,
    "fields": {
        "name": "Vinir",
        "animation": 35,
        "language": 2
    }
},
{
    "model": "dentist.animation_translation",
    "pk": 105,
    "fields": {
        "name": "Vinir",
        "animation": 35,
        "language": 3
    }
},
{
    "model": "dentist.animation_translation",
    "pk": 106,
    "fields": {
        "name": "Vinir vs mk",
        "animation": 36,
        "language": 1
    }
},
{
    "model": "dentist.animation_translation",
    "pk": 107,
    "fields": {
        "name": "Vinir vs mk",
        "animation": 36,
        "language": 2
    }
},
{
    "model": "dentist.animation_translation",
    "pk": 108,
    "fields": {
        "name": "Vinir vs mk",
        "animation": 36,
        "language": 3
    }
},
{
    "model": "dentist.animation_translation",
    "pk": 109,
    "fields": {
        "name": "Zoom 1",
        "animation": 37,
        "language": 1
    }
},
{
    "model": "dentist.animation_translation",
    "pk": 110,
    "fields": {
        "name": "Zoom 1",
        "animation": 37,
        "language": 2
    }
},
{
    "model": "dentist.animation_translation",
    "pk": 111,
    "fields": {
        "name": "Zoom 1",
        "animation": 37,
        "language": 3
    }
},
{
    "model": "illness.diabet",
    "pk": 1,
    "fields": {
        "value": 1,
        "desc": "Yo'q"
    }
},
{
    "model": "illness.diabet",
    "pk": 2,
    "fields": {
        "value": 2,
        "desc": "Bor"
    }
},
{
    "model": "illness.diabet",
    "pk": 3,
    "fields": {
        "value": 3,
        "desc": "Tekshirtirmaganman"
    }
},
{
    "model": "illness.anesthesia",
    "pk": 1,
    "fields": {
        "value": 1,
        "desc": "Qo'llanilmagan"
    }
},
{
    "model": "illness.anesthesia",
    "pk": 2,
    "fields": {
        "value": 2,
        "desc": "1 marta"
    }
},
{
    "model": "illness.anesthesia",
    "pk": 3,
    "fields": {
        "value": 3,
        "desc": "2 marta"
    }
},
{
    "model": "illness.anesthesia",
    "pk": 4,
    "fields": {
        "value": 4,
        "desc": "3 va undan ko'proq"
    }
},
{
    "model": "illness.hepatitis",
    "pk": 1,
    "fields": {
        "value": 1,
        "desc": "Yo'q"
    }
},
{
    "model": "illness.hepatitis",
    "pk": 2,
    "fields": {
        "value": 2,
        "desc": "Bor"
    }
},
{
    "model": "illness.hepatitis",
    "pk": 3,
    "fields": {
        "value": 3,
        "desc": "Tekshirtirmaganman"
    }
},
{
    "model": "illness.aids",
    "pk": 1,
    "fields": {
        "value": 1,
        "desc": "Yo'q"
    }
},
{
    "model": "illness.aids",
    "pk": 2,
    "fields": {
        "value": 2,
        "desc": "Bor"
    }
},
{
    "model": "illness.aids",
    "pk": 3,
    "fields": {
        "value": 3,
        "desc": "Tekshirtirmaganman"
    }
},
{
    "model": "illness.pressure",
    "pk": 1,
    "fields": {
        "value": 1,
        "desc": "Normal"
    }
},
{
    "model": "illness.pressure",
    "pk": 2,
    "fields": {
        "value": 2,
        "desc": "Past"
    }
},
{
    "model": "illness.pressure",
    "pk": 3,
    "fields": {
        "value": 3,
        "desc": "Baland"
    }
},
{
    "model": "illness.allergy",
    "pk": 1,
    "fields": {
        "value": 1,
        "desc": "Yo'q"
    }
},
{
    "model": "illness.allergy",
    "pk": 2,
    "fields": {
        "value": 2,
        "desc": "Gulga"
    }
},
{
    "model": "illness.allergy",
    "pk": 3,
    "fields": {
        "value": 2,
        "desc": null
    }
},
{
    "model": "illness.allergy",
    "pk": 4,
    "fields": {
        "value": 2,
        "desc": "Abrorga"
    }
},
{
    "model": "illness.allergy",
    "pk": 5,
    "fields": {
        "value": 2,
        "desc": "qizlarga "
    }
},
{
    "model": "illness.allergy",
    "pk": 6,
    "fields": {
        "value": 2,
        "desc": "yxyxyxydydhdjd"
    }
},
{
    "model": "illness.allergy",
    "pk": 7,
    "fields": {
        "value": 2,
        "desc": ""
    }
},
{
    "model": "illness.allergy",
    "pk": 8,
    "fields": {
        "value": 2,
        "desc": "4f"
    }
},
{
    "model": "illness.allergy",
    "pk": 9,
    "fields": {
        "value": 2,
        "desc": "bor bor bor"
    }
},
{
    "model": "illness.allergy",
    "pk": 10,
    "fields": {
        "value": 2,
        "desc": "At"
    }
},
{
    "model": "illness.allergy",
    "pk": 11,
    "fields": {
        "value": 2,
        "desc": "qizlarga va"
    }
},
{
    "model": "illness.allergy",
    "pk": 12,
    "fields": {
        "value": 2,
        "desc": "qizlarga"
    }
},
{
    "model": "illness.asthma",
    "pk": 1,
    "fields": {
        "value": 1,
        "desc": "Yo'q"
    }
},
{
    "model": "illness.asthma",
    "pk": 2,
    "fields": {
        "value": 2,
        "desc": "Bor"
    }
},
{
    "model": "illness.dizziness",
    "pk": 1,
    "fields": {
        "value": 1,
        "desc": "Yo'q"
    }
},
{
    "model": "illness.dizziness",
    "pk": 2,
    "fields": {
        "value": 2,
        "desc": "Ba‘zan"
    }
},
{
    "model": "illness.dizziness",
    "pk": 3,
    "fields": {
        "value": 3,
        "desc": "Tez-tez"
    }
},
{
    "model": "illness.fainting",
    "pk": 1,
    "fields": {
        "value": 1,
        "desc": "Yo'q"
    }
},
{
    "model": "illness.fainting",
    "pk": 2,
    "fields": {
        "value": 2,
        "desc": "Ba‘zan"
    }
},
{
    "model": "illness.fainting",
    "pk": 3,
    "fields": {
        "value": 3,
        "desc": "Tez-tez"
    }
},
{
    "model": "illness.epilepsy",
    "pk": 1,
    "fields": {
        "value": 1,
        "desc": "Yo'q"
    }
},
{
    "model": "illness.epilepsy",
    "pk": 2,
    "fields": {
        "value": 2,
        "desc": "Bor"
    }
},
{
    "model": "illness.medications",
    "pk": 1,
    "fields": {
        "value": 1,
        "desc": "Yo'q"
    }
},
{
    "model": "illness.medications",
    "pk": 2,
    "fields": {
        "value": 2,
        "desc": "Sitr"
    }
},
{
    "model": "illness.medications",
    "pk": 3,
    "fields": {
        "value": 2,
        "desc": "kjgkjgkj"
    }
},
{
    "model": "illness.stroke",
    "pk": 1,
    "fields": {
        "value": 1,
        "desc": "Yo'q"
    }
},
{
    "model": "illness.stroke",
    "pk": 2,
    "fields": {
        "value": 2,
        "desc": "Ha"
    }
},
{
    "model": "illness.heart_attack",
    "pk": 1,
    "fields": {
        "value": 1,
        "desc": "Yo'q"
    }
},
{
    "model": "illness.heart_attack",
    "pk": 2,
    "fields": {
        "value": 2,
        "desc": "Ha"
    }
},
{
    "model": "illness.oncologic",
    "pk": 1,
    "fields": {
        "value": 1,
        "desc": "Yo'q"
    }
},
{
    "model": "illness.oncologic",
    "pk": 2,
    "fields": {
        "value": 2,
        "desc": "Bor"
    }
},
{
    "model": "illness.tuberculosis",
    "pk": 1,
    "fields": {
        "value": 1,
        "desc": "Yo'q"
    }
},
{
    "model": "illness.tuberculosis",
    "pk": 2,
    "fields": {
        "value": 2,
        "desc": "Bor"
    }
},
{
    "model": "illness.alcohol",
    "pk": 1,
    "fields": {
        "value": 1,
        "desc": "Yo'q"
    }
},
{
    "model": "illness.alcohol",
    "pk": 2,
    "fields": {
        "value": 2,
        "desc": "Oz"
    }
},
{
    "model": "illness.alcohol",
    "pk": 3,
    "fields": {
        "value": 3,
        "desc": "Ko'p"
    }
},
{
    "model": "illness.pregnancy",
    "pk": 1,
    "fields": {
        "value": 1,
        "desc": "Yo'q"
    }
},
{
    "model": "illness.breastfeeding",
    "pk": 1,
    "fields": {
        "value": 1,
        "desc": "Yo'q"
    }
},
{
    "model": "illness.breastfeeding",
    "pk": 2,
    "fields": {
        "value": 2,
        "desc": "Ha"
    }
},
{
    "model": "login.passwordreset",
    "pk": 1,
    "fields": {
        "email": "azizbeksalomov@gmail.com",
        "uidb64": "dXNlcjAwMDAwNzY",
        "token": "b3pvo5-0621459078a444e3c74e6d0bbb2c619a",
        "is_active": true
    }
},
{
    "model": "login.passwordreset",
    "pk": 2,
    "fields": {
        "email": "azizbeksalomov@gmail.com",
        "uidb64": "dXNlcjAwMDAwNzY",
        "token": "b3pvoz-ab4297883ef74d00aff60287c8df1e4a",
        "is_active": true
    }
},
{
    "model": "login.passwordreset",
    "pk": 3,
    "fields": {
        "email": "azizbeksalomov@gmail.com",
        "uidb64": "dXNlcjAwMDAwNzY",
        "token": "b3pvpm-1d654411a1a97f044d60dc24908d443b",
        "is_active": true
    }
},
{
    "model": "login.passwordreset",
    "pk": 4,
    "fields": {
        "email": "azizbeksalomov@gmail.com",
        "uidb64": "dXNlcjAwMDAwNzY",
        "token": "b3pvqa-4ba4d48059801df72ed50231d8729326",
        "is_active": true
    }
},
{
    "model": "login.passwordreset",
    "pk": 5,
    "fields": {
        "email": "azizbeksalomov@gmail.com",
        "uidb64": "dXNlcjAwMDAwNzY",
        "token": "b3pvqi-247d580e5cab90f6b10652b116eb3a28",
        "is_active": true
    }
},
{
    "model": "login.passwordreset",
    "pk": 6,
    "fields": {
        "email": "azizbeksalomov@gmail.com",
        "uidb64": "dXNlcjAwMDAwNzY",
        "token": "b3pvrs-dc02cad91529da06037e6c925477346c",
        "is_active": true
    }
},
{
    "model": "login.passwordreset",
    "pk": 7,
    "fields": {
        "email": "azizbeksalomov@gmail.com",
        "uidb64": "dXNlcjAwMDAwNzY",
        "token": "b3pvt0-3f3d62340418ecad0afb9f52d15efb40",
        "is_active": true
    }
},
{
    "model": "login.passwordreset",
    "pk": 8,
    "fields": {
        "email": "azizbeksalomov@gmail.com",
        "uidb64": "dXNlcjAwMDAwNzY",
        "token": "b3pvth-3beb4807cb6a9d3816eb225461c3e468",
        "is_active": true
    }
},
{
    "model": "login.passwordreset",
    "pk": 9,
    "fields": {
        "email": "azizbeksalomov@gmail.com",
        "uidb64": "dXNlcjAwMDAwNzY",
        "token": "b41x58-75cd2496b68b7c84ae9665cb06d5153b",
        "is_active": true
    }
},
{
    "model": "login.passwordreset",
    "pk": 10,
    "fields": {
        "email": "adxam@gmail.com",
        "uidb64": "dXNlcjAwMDAwNzc",
        "token": "b4oiyk-65a5181aa3b24d1cd7dc0f47b4d7413d",
        "is_active": true
    }
},
{
    "model": "login.passwordreset",
    "pk": 11,
    "fields": {
        "email": "adxam@gmail.com",
        "uidb64": "dXNlcjAwMDAwNzc",
        "token": "b4oj2x-9cecea82dc4a2dbcaf19de46a1d7c016",
        "is_active": true
    }
},
{
    "model": "login.passwordreset",
    "pk": 12,
    "fields": {
        "email": "adxam@gmail.com",
        "uidb64": "dXNlcjAwMDAwNzc",
        "token": "b4oj78-913ed4827f6772bf4632703334b3ea76",
        "is_active": true
    }
},
{
    "model": "login.passwordreset",
    "pk": 13,
    "fields": {
        "email": "adxam@gmail.com",
        "uidb64": "dXNlcjAwMDAwNzc",
        "token": "b4ph8p-7628a933132679b5015032b55d7f0a0a",
        "is_active": true
    }
},
{
    "model": "login.passwordreset",
    "pk": 14,
    "fields": {
        "email": "adxam@gmail.com",
        "uidb64": "dXNlcjAwMDAwNzc",
        "token": "b4phde-6a115c550f64f9c1048468c11a8f7e98",
        "is_active": true
    }
},
{
    "model": "login.passwordreset",
    "pk": 15,
    "fields": {
        "email": "adxam@gmail.com",
        "uidb64": "dXNlcjAwMDAwNzc",
        "token": "b4phjb-1f79bfc861d9667c7475827edfe9a3b7",
        "is_active": true
    }
},
{
    "model": "login.passwordreset",
    "pk": 16,
    "fields": {
        "email": "adxam@gmail.com",
        "uidb64": "dXNlcjAwMDAwNzc",
        "token": "b4phny-3ea6e884fa391a6e970300adbf41b6d1",
        "is_active": true
    }
},
{
    "model": "login.passwordreset",
    "pk": 17,
    "fields": {
        "email": "adxam@gmail.com",
        "uidb64": "dXNlcjAwMDAwNzc",
        "token": "b4qf4d-c3dd1458cd2aab98a095c562332415d6",
        "is_active": true
    }
},
{
    "model": "login.passwordreset",
    "pk": 18,
    "fields": {
        "email": "adxam@gmail.com",
        "uidb64": "dXNlcjAwMDAwNzc",
        "token": "b4qf7r-face0dab513236350839d95365bb73fa",
        "is_active": true
    }
},
{
    "model": "login.passwordreset",
    "pk": 19,
    "fields": {
        "email": "adxam@gmail.com",
        "uidb64": "dXNlcjAwMDAwNzc",
        "token": "b4qmmo-42f6c60a87d9f1f82b8625e8169d659a",
        "is_active": true
    }
},
{
    "model": "login.passwordreset",
    "pk": 20,
    "fields": {
        "email": "adxam@gmail.com",
        "uidb64": "dXNlcjAwMDAwNzc",
        "token": "b4qmrk-526ef10c1cd104dea07a9b685452f7a7",
        "is_active": true
    }
},
{
    "model": "login.passwordreset",
    "pk": 21,
    "fields": {
        "email": "adxam@gmail.com",
        "uidb64": "dXNlcjAwMDAwNzc",
        "token": "b4qnnr-f25923776a1b0f94882aeae85a5043e5",
        "is_active": true
    }
},
{
    "model": "login.passwordreset",
    "pk": 22,
    "fields": {
        "email": "adxam@gmail.com",
        "uidb64": "dXNlcjAwMDAwNzc",
        "token": "b4qnx0-4c53f954874e8d81aa6125a95ab70a17",
        "is_active": true
    }
},
{
    "model": "login.passwordreset",
    "pk": 23,
    "fields": {
        "email": "adxam@gmail.com",
        "uidb64": "dXNlcjAwMDAwNzc",
        "token": "b4qnxt-b479899f400b4fa853e3cea53326091f",
        "is_active": true
    }
},
{
    "model": "login.passwordreset",
    "pk": 24,
    "fields": {
        "email": "adxam@gmail.com",
        "uidb64": "dXNlcjAwMDAwNzc",
        "token": "b4qo7d-df3468b02abffc8d589e80a66308ea25",
        "is_active": true
    }
},
{
    "model": "login.passwordreset",
    "pk": 25,
    "fields": {
        "email": "adxam@gmail.com",
        "uidb64": "dXNlcjAwMDAwNzc",
        "token": "b4qocv-bc885d00002b1fe05cc2962f5b7982b5",
        "is_active": true
    }
},
{
    "model": "login.passwordreset",
    "pk": 26,
    "fields": {
        "email": "mamataliev26@mail.ru",
        "uidb64": "dXNlcjAwMDAxMzM",
        "token": "b4red0-6b5d126d9fcb5d344d3f6106a5e286da",
        "is_active": true
    }
},
{
    "model": "login.passwordreset",
    "pk": 27,
    "fields": {
        "email": "mamataliev26@mail.ru",
        "uidb64": "dXNlcjAwMDAxMzM",
        "token": "b4regp-9563dadf79c8deef057c73d3698cf3c1",
        "is_active": true
    }
},
{
    "model": "login.passwordreset",
    "pk": 28,
    "fields": {
        "email": "mamataliev26@mail.ru",
        "uidb64": "dXNlcjAwMDAxMzM",
        "token": "b4rekl-86fbcb4b37bdb028f1b8aaf178bb046a",
        "is_active": true
    }
},
{
    "model": "login.passwordreset",
    "pk": 29,
    "fields": {
        "email": "adxam@gmail.com",
        "uidb64": "dXNlcjAwMDAwNzc",
        "token": "b4sbmo-e7eeb7ef376998728e316e28916e5f4a",
        "is_active": true
    }
},
{
    "model": "notification.notification",
    "pk": 1,
    "fields": {
        "message": "MyDentist platformasiga xush kelibsiz!\r\nДобро пожаловать на платформу MyDentist!\r\nWelcome to the platform MyDentist!",
        "datetime": "2022-05-27T23:35:36.912Z",
        "is_read": false
    }
},
{
    "model": "patient.user",
    "pk": 1,
    "fields": {
        "user": 20,
        "phone_number": "(94) 300-16-61",
        "gender": 1,
        "address": "Kosonsoy uzun",
        "birthday": "1997-02-21",
        "image": "patients/photos/WIN_20220209_21_04_01_Pro.jpg",
        "language": 1
    }
},
{
    "model": "patient.user",
    "pk": 2,
    "fields": {
        "user": 21,
        "phone_number": "(12) 345-67-89",
        "gender": 1,
        "address": "Toshkent",
        "birthday": "2022-04-06",
        "image": "patients/photos/Screenshot_20220409-162413_Instagram.jpg",
        "language": 1
    }
},
{
    "model": "patient.user",
    "pk": 3,
    "fields": {
        "user": 22,
        "phone_number": "(55) 555-55-55",
        "gender": 1,
        "address": "Andijon",
        "birthday": "2022-04-06",
        "image": "patients/photos/default.png",
        "language": 1
    }
},
{
    "model": "patient.user",
    "pk": 4,
    "fields": {
        "user": 23,
        "phone_number": "(  )    -  -",
        "gender": 1,
        "address": "Jeirogogh",
        "birthday": "2022-04-06",
        "image": "patients/photos/default.png",
        "language": 1
    }
},
{
    "model": "patient.user",
    "pk": 5,
    "fields": {
        "user": 24,
        "phone_number": "(44) 444-44-44",
        "gender": 1,
        "address": "Ndkfkfof",
        "birthday": "2022-04-06",
        "image": "patients/photos/Screenshot_20220404-175632_Instagram_MC34egH.jpg",
        "language": 1
    }
},
{
    "model": "patient.user",
    "pk": 6,
    "fields": {
        "user": 25,
        "phone_number": "(93) 789-99-03",
        "gender": 1,
        "address": "To'raqo'rg'on",
        "birthday": "1999-04-11",
        "image": "patients/photos/IMG_20220511_093150_348.jpg",
        "language": 1
    }
},
{
    "model": "patient.user",
    "pk": 7,
    "fields": {
        "user": 26,
        "phone_number": "(94) 913-11-11",
        "gender": 1,
        "address": "Chortoq",
        "birthday": "2022-04-11",
        "image": "patients/photos/default.png",
        "language": 1
    }
},
{
    "model": "patient.user",
    "pk": 9,
    "fields": {
        "user": 31,
        "phone_number": "(93) 275-77-57",
        "gender": 1,
        "address": "Uzunqishloq ",
        "birthday": "1997-02-21",
        "image": "patients/photos/default.png",
        "language": 1
    }
},
{
    "model": "patient.user",
    "pk": 10,
    "fields": {
        "user": 32,
        "phone_number": "(91) 234-56-78",
        "gender": 2,
        "address": "This ",
        "birthday": "1985-04-18",
        "image": "patients/photos/default.png",
        "language": 1
    }
},
{
    "model": "patient.user",
    "pk": 11,
    "fields": {
        "user": 33,
        "phone_number": "(92) 345-67-89",
        "gender": 1,
        "address": "Surxon",
        "birthday": "2001-04-18",
        "image": "patients/photos/default.png",
        "language": 1
    }
},
{
    "model": "patient.user",
    "pk": 12,
    "fields": {
        "user": 38,
        "phone_number": "(11) 111-11-11",
        "gender": 1,
        "address": "Sdfasdfadsдло лшш со опошп лрщщ",
        "birthday": "2022-04-30",
        "image": "patients/photos/image_3984b441-dd66-4342-bf47-f050c521802b20220418_193054_dEercqt.jpg",
        "language": 1
    }
},
{
    "model": "patient.user",
    "pk": 13,
    "fields": {
        "user": 39,
        "phone_number": "(98) 765-43-21",
        "gender": 1,
        "address": "Uzun",
        "birthday": "1999-02-22",
        "image": "patients/photos/default.png",
        "language": 1
    }
},
{
    "model": "patient.user",
    "pk": 14,
    "fields": {
        "user": 40,
        "phone_number": "(93) 884-81-00",
        "gender": 1,
        "address": "Qibray",
        "birthday": "2005-08-07",
        "image": "patients/photos/default.png",
        "language": 1
    }
},
{
    "model": "patient.user",
    "pk": 15,
    "fields": {
        "user": 41,
        "phone_number": "(93) 894-81-00",
        "gender": 1,
        "address": "Qibray",
        "birthday": "2005-08-07",
        "image": "patients/photos/default.png",
        "language": 1
    }
},
{
    "model": "patient.user",
    "pk": 16,
    "fields": {
        "user": 43,
        "phone_number": "(22) 222-22-22",
        "gender": 1,
        "address": "Qibray",
        "birthday": "2005-08-07",
        "image": "patients/photos/default.png",
        "language": 1
    }
},
{
    "model": "patient.user",
    "pk": 17,
    "fields": {
        "user": 44,
        "phone_number": "(93) 885-81-00",
        "gender": 1,
        "address": "Qibray",
        "birthday": "2005-08-07",
        "image": "patients/photos/default.png",
        "language": 1
    }
},
{
    "model": "patient.user",
    "pk": 18,
    "fields": {
        "user": 45,
        "phone_number": "(90) 346-26-04",
        "gender": 1,
        "address": "Toshkent",
        "birthday": "2002-04-26",
        "image": "patients/photos/default.png",
        "language": 2
    }
},
{
    "model": "patient.user",
    "pk": 19,
    "fields": {
        "user": 46,
        "phone_number": "(93) 884-81-03",
        "gender": 1,
        "address": "Qibray",
        "birthday": "2005-08-07",
        "image": "patients/photos/default.png",
        "language": 1
    }
},
{
    "model": "patient.user",
    "pk": 20,
    "fields": {
        "user": 47,
        "phone_number": "(98) 100-02-11",
        "gender": 1,
        "address": "Andijon",
        "birthday": "2013-05-02",
        "image": "patients/photos/default.png",
        "language": 1
    }
},
{
    "model": "patient.user",
    "pk": 21,
    "fields": {
        "user": 48,
        "phone_number": "(33) 200-00-00",
        "gender": 1,
        "address": "Nukl",
        "birthday": "2022-05-02",
        "image": "patients/photos/default.png",
        "language": 1
    }
},
{
    "model": "patient.user",
    "pk": 22,
    "fields": {
        "user": 49,
        "phone_number": "(33) 111-11-12",
        "gender": 1,
        "address": "a",
        "birthday": "2022-05-08",
        "image": "patients/photos/default.png",
        "language": 3
    }
},
{
    "model": "patient.user",
    "pk": 23,
    "fields": {
        "user": 50,
        "phone_number": "(90) 842-71-51",
        "gender": 1,
        "address": "Fargona",
        "birthday": "2000-08-03",
        "image": "patients/photos/default.png",
        "language": 1
    }
},
{
    "model": "patient.user",
    "pk": 24,
    "fields": {
        "user": 51,
        "phone_number": "(00) 000-00-00",
        "gender": 1,
        "address": "Tergachi",
        "birthday": "1999-05-08",
        "image": "patients/photos/default.png",
        "language": 1
    }
},
{
    "model": "patient.user",
    "pk": 25,
    "fields": {
        "user": 52,
        "phone_number": "(77) 777-77-77",
        "gender": 2,
        "address": "Tashkent ",
        "birthday": "1977-02-22",
        "image": "patients/photos/default.png",
        "language": 3
    }
},
{
    "model": "patient.user",
    "pk": 26,
    "fields": {
        "user": 57,
        "phone_number": "(93) 353-88-72",
        "gender": 1,
        "address": "Toshkent",
        "birthday": "1993-05-15",
        "image": "patients/photos/default.png",
        "language": 1
    }
},
{
    "model": "patient.user",
    "pk": 27,
    "fields": {
        "user": 58,
        "phone_number": "(91) 693-77-00",
        "gender": 1,
        "address": "fargona",
        "birthday": "2022-05-08",
        "image": "patients/photos/default.png",
        "language": 1
    }
},
{
    "model": "patient.user",
    "pk": 28,
    "fields": {
        "user": 59,
        "phone_number": "(99) 095-05-93",
        "gender": 1,
        "address": "Toshkent shahar Yashnobod tumani Mirzo Ulugʻbek koʻchasi 11 2 52",
        "birthday": "1996-03-13",
        "image": "patients/photos/default.png",
        "language": 1
    }
},
{
    "model": "patient.user",
    "pk": 29,
    "fields": {
        "user": 60,
        "phone_number": "(99) 999-99-96",
        "gender": 1,
        "address": "Berdi",
        "birthday": "1992-05-31",
        "image": "patients/photos/default.png",
        "language": 1
    }
},
{
    "model": "patient.illness",
    "pk": 1,
    "fields": {
        "patient": 1,
        "diabet": 1,
        "anesthesia": 1,
        "hepatitis": 1,
        "aids": 1,
        "pressure": 1,
        "allergy": 1,
        "asthma": 1,
        "dizziness": 1,
        "fainting": 1
    }
},
{
    "model": "patient.illness",
    "pk": 2,
    "fields": {
        "patient": 2,
        "diabet": 2,
        "anesthesia": 2,
        "hepatitis": 2,
        "aids": 1,
        "pressure": 1,
        "allergy": 1,
        "asthma": 1,
        "dizziness": 2,
        "fainting": null
    }
},
{
    "model": "patient.illness",
    "pk": 3,
    "fields": {
        "patient": 3,
        "diabet": 1,
        "anesthesia": 1,
        "hepatitis": 1,
        "aids": 1,
        "pressure": 1,
        "allergy": 1,
        "asthma": 1,
        "dizziness": 1,
        "fainting": null
    }
},
{
    "model": "patient.illness",
    "pk": 4,
    "fields": {
        "patient": 4,
        "diabet": 1,
        "anesthesia": 2,
        "hepatitis": 1,
        "aids": 1,
        "pressure": 1,
        "allergy": 1,
        "asthma": 1,
        "dizziness": 1,
        "fainting": null
    }
},
{
    "model": "patient.illness",
    "pk": 5,
    "fields": {
        "patient": 5,
        "diabet": 1,
        "anesthesia": 1,
        "hepatitis": 1,
        "aids": 1,
        "pressure": 1,
        "allergy": 1,
        "asthma": 1,
        "dizziness": 1,
        "fainting": null
    }
},
{
    "model": "patient.illness",
    "pk": 6,
    "fields": {
        "patient": 6,
        "diabet": 1,
        "anesthesia": 1,
        "hepatitis": 1,
        "aids": 1,
        "pressure": 1,
        "allergy": 1,
        "asthma": 1,
        "dizziness": 1,
        "fainting": null
    }
},
{
    "model": "patient.illness",
    "pk": 7,
    "fields": {
        "patient": 7,
        "diabet": 1,
        "anesthesia": 4,
        "hepatitis": 1,
        "aids": 1,
        "pressure": 1,
        "allergy": 1,
        "asthma": 1,
        "dizziness": 1,
        "fainting": null
    }
},
{
    "model": "patient.illness",
    "pk": 8,
    "fields": {
        "patient": 9,
        "diabet": 1,
        "anesthesia": 4,
        "hepatitis": 1,
        "aids": 1,
        "pressure": 1,
        "allergy": 1,
        "asthma": 1,
        "dizziness": 1,
        "fainting": null
    }
},
{
    "model": "patient.illness",
    "pk": 9,
    "fields": {
        "patient": 10,
        "diabet": 1,
        "anesthesia": 4,
        "hepatitis": 1,
        "aids": 1,
        "pressure": 1,
        "allergy": 1,
        "asthma": 1,
        "dizziness": 1,
        "fainting": null
    }
},
{
    "model": "patient.illness",
    "pk": 10,
    "fields": {
        "patient": 11,
        "diabet": 1,
        "anesthesia": 4,
        "hepatitis": 1,
        "aids": 1,
        "pressure": 1,
        "allergy": 1,
        "asthma": 1,
        "dizziness": 1,
        "fainting": null
    }
},
{
    "model": "patient.illness",
    "pk": 12,
    "fields": {
        "patient": 13,
        "diabet": 1,
        "anesthesia": 4,
        "hepatitis": 1,
        "aids": 1,
        "pressure": 1,
        "allergy": 1,
        "asthma": 1,
        "dizziness": 1,
        "fainting": null
    }
},
{
    "model": "patient.illness",
    "pk": 13,
    "fields": {
        "patient": 14,
        "diabet": null,
        "anesthesia": null,
        "hepatitis": null,
        "aids": null,
        "pressure": null,
        "allergy": null,
        "asthma": null,
        "dizziness": null,
        "fainting": null
    }
},
{
    "model": "patient.illness",
    "pk": 14,
    "fields": {
        "patient": 15,
        "diabet": null,
        "anesthesia": null,
        "hepatitis": null,
        "aids": null,
        "pressure": null,
        "allergy": null,
        "asthma": null,
        "dizziness": null,
        "fainting": null
    }
},
{
    "model": "patient.illness",
    "pk": 15,
    "fields": {
        "patient": 16,
        "diabet": null,
        "anesthesia": null,
        "hepatitis": null,
        "aids": null,
        "pressure": null,
        "allergy": null,
        "asthma": null,
        "dizziness": null,
        "fainting": null
    }
},
{
    "model": "patient.illness",
    "pk": 16,
    "fields": {
        "patient": 17,
        "diabet": null,
        "anesthesia": null,
        "hepatitis": null,
        "aids": null,
        "pressure": null,
        "allergy": null,
        "asthma": null,
        "dizziness": null,
        "fainting": null
    }
},
{
    "model": "patient.illness",
    "pk": 17,
    "fields": {
        "patient": 18,
        "diabet": null,
        "anesthesia": null,
        "hepatitis": null,
        "aids": null,
        "pressure": null,
        "allergy": null,
        "asthma": null,
        "dizziness": null,
        "fainting": null
    }
},
{
    "model": "patient.illness",
    "pk": 18,
    "fields": {
        "patient": 19,
        "diabet": null,
        "anesthesia": null,
        "hepatitis": null,
        "aids": null,
        "pressure": null,
        "allergy": null,
        "asthma": null,
        "dizziness": null,
        "fainting": null
    }
},
{
    "model": "patient.illness",
    "pk": 19,
    "fields": {
        "patient": 20,
        "diabet": 2,
        "anesthesia": 2,
        "hepatitis": 2,
        "aids": 2,
        "pressure": 2,
        "allergy": 10,
        "asthma": 2,
        "dizziness": 2,
        "fainting": null
    }
},
{
    "model": "patient.illness",
    "pk": 20,
    "fields": {
        "patient": 21,
        "diabet": 2,
        "anesthesia": 3,
        "hepatitis": 2,
        "aids": 2,
        "pressure": 2,
        "allergy": 1,
        "asthma": 1,
        "dizziness": 2,
        "fainting": null
    }
},
{
    "model": "patient.illness",
    "pk": 21,
    "fields": {
        "patient": 22,
        "diabet": 2,
        "anesthesia": 2,
        "hepatitis": 1,
        "aids": 2,
        "pressure": 1,
        "allergy": 11,
        "asthma": 1,
        "dizziness": 1,
        "fainting": 1
    }
},
{
    "model": "patient.illness",
    "pk": 22,
    "fields": {
        "patient": 23,
        "diabet": null,
        "anesthesia": null,
        "hepatitis": null,
        "aids": null,
        "pressure": null,
        "allergy": null,
        "asthma": null,
        "dizziness": null,
        "fainting": null
    }
},
{
    "model": "patient.illness",
    "pk": 23,
    "fields": {
        "patient": 24,
        "diabet": 1,
        "anesthesia": 1,
        "hepatitis": 1,
        "aids": 1,
        "pressure": 1,
        "allergy": 1,
        "asthma": 1,
        "dizziness": 1,
        "fainting": 1
    }
},
{
    "model": "patient.illness",
    "pk": 24,
    "fields": {
        "patient": 25,
        "diabet": null,
        "anesthesia": null,
        "hepatitis": null,
        "aids": null,
        "pressure": null,
        "allergy": null,
        "asthma": null,
        "dizziness": null,
        "fainting": null
    }
},
{
    "model": "patient.illness",
    "pk": 25,
    "fields": {
        "patient": 26,
        "diabet": 1,
        "anesthesia": 1,
        "hepatitis": 1,
        "aids": 1,
        "pressure": 1,
        "allergy": 12,
        "asthma": 1,
        "dizziness": 1,
        "fainting": 1
    }
},
{
    "model": "patient.illness",
    "pk": 26,
    "fields": {
        "patient": 27,
        "diabet": 1,
        "anesthesia": 1,
        "hepatitis": 1,
        "aids": 1,
        "pressure": 1,
        "allergy": 1,
        "asthma": 1,
        "dizziness": 1,
        "fainting": 1
    }
},
{
    "model": "patient.illness",
    "pk": 27,
    "fields": {
        "patient": 28,
        "diabet": 3,
        "anesthesia": 1,
        "hepatitis": 1,
        "aids": 1,
        "pressure": 1,
        "allergy": 1,
        "asthma": 1,
        "dizziness": 1,
        "fainting": 1
    }
},
{
    "model": "patient.illness",
    "pk": 28,
    "fields": {
        "patient": 29,
        "diabet": 1,
        "anesthesia": 1,
        "hepatitis": 1,
        "aids": 1,
        "pressure": 1,
        "allergy": 1,
        "asthma": 1,
        "dizziness": 1,
        "fainting": 1
    }
},
{
    "model": "patient.other_illness",
    "pk": 1,
    "fields": {
        "patient": 1,
        "epilepsy": 1,
        "medications": 1,
        "stroke": 1,
        "heart_attack": 1,
        "oncologic": 1,
        "tuberculosis": 1,
        "alcohol": 1,
        "pregnancy": 1,
        "breastfeeding": null
    }
},
{
    "model": "patient.other_illness",
    "pk": 2,
    "fields": {
        "patient": 2,
        "epilepsy": 1,
        "medications": 1,
        "stroke": 1,
        "heart_attack": 1,
        "oncologic": 1,
        "tuberculosis": 1,
        "alcohol": 1,
        "pregnancy": 1,
        "breastfeeding": null
    }
},
{
    "model": "patient.other_illness",
    "pk": 3,
    "fields": {
        "patient": 3,
        "epilepsy": 1,
        "medications": 1,
        "stroke": 2,
        "heart_attack": 1,
        "oncologic": 2,
        "tuberculosis": 1,
        "alcohol": 2,
        "pregnancy": 1,
        "breastfeeding": null
    }
},
{
    "model": "patient.other_illness",
    "pk": 4,
    "fields": {
        "patient": 4,
        "epilepsy": null,
        "medications": null,
        "stroke": null,
        "heart_attack": null,
        "oncologic": null,
        "tuberculosis": null,
        "alcohol": null,
        "pregnancy": null,
        "breastfeeding": null
    }
},
{
    "model": "patient.other_illness",
    "pk": 5,
    "fields": {
        "patient": 5,
        "epilepsy": 1,
        "medications": 1,
        "stroke": 1,
        "heart_attack": 1,
        "oncologic": 1,
        "tuberculosis": 1,
        "alcohol": 1,
        "pregnancy": 1,
        "breastfeeding": null
    }
},
{
    "model": "patient.other_illness",
    "pk": 6,
    "fields": {
        "patient": 6,
        "epilepsy": null,
        "medications": null,
        "stroke": null,
        "heart_attack": null,
        "oncologic": null,
        "tuberculosis": null,
        "alcohol": null,
        "pregnancy": null,
        "breastfeeding": null
    }
},
{
    "model": "patient.other_illness",
    "pk": 7,
    "fields": {
        "patient": 7,
        "epilepsy": null,
        "medications": null,
        "stroke": null,
        "heart_attack": null,
        "oncologic": null,
        "tuberculosis": null,
        "alcohol": null,
        "pregnancy": null,
        "breastfeeding": null
    }
},
{
    "model": "patient.other_illness",
    "pk": 8,
    "fields": {
        "patient": 9,
        "epilepsy": null,
        "medications": null,
        "stroke": null,
        "heart_attack": null,
        "oncologic": null,
        "tuberculosis": null,
        "alcohol": null,
        "pregnancy": null,
        "breastfeeding": null
    }
},
{
    "model": "patient.other_illness",
    "pk": 9,
    "fields": {
        "patient": 10,
        "epilepsy": null,
        "medications": null,
        "stroke": null,
        "heart_attack": null,
        "oncologic": null,
        "tuberculosis": null,
        "alcohol": null,
        "pregnancy": null,
        "breastfeeding": null
    }
},
{
    "model": "patient.other_illness",
    "pk": 10,
    "fields": {
        "patient": 11,
        "epilepsy": null,
        "medications": null,
        "stroke": null,
        "heart_attack": null,
        "oncologic": null,
        "tuberculosis": null,
        "alcohol": null,
        "pregnancy": null,
        "breastfeeding": null
    }
},
{
    "model": "patient.other_illness",
    "pk": 11,
    "fields": {
        "patient": 12,
        "epilepsy": 2,
        "medications": 3,
        "stroke": 1,
        "heart_attack": 1,
        "oncologic": 1,
        "tuberculosis": 1,
        "alcohol": 1,
        "pregnancy": 1,
        "breastfeeding": null
    }
},
{
    "model": "patient.other_illness",
    "pk": 12,
    "fields": {
        "patient": 13,
        "epilepsy": null,
        "medications": null,
        "stroke": null,
        "heart_attack": null,
        "oncologic": null,
        "tuberculosis": null,
        "alcohol": null,
        "pregnancy": null,
        "breastfeeding": null
    }
},
{
    "model": "patient.other_illness",
    "pk": 13,
    "fields": {
        "patient": 14,
        "epilepsy": null,
        "medications": null,
        "stroke": null,
        "heart_attack": null,
        "oncologic": null,
        "tuberculosis": null,
        "alcohol": null,
        "pregnancy": null,
        "breastfeeding": null
    }
},
{
    "model": "patient.other_illness",
    "pk": 14,
    "fields": {
        "patient": 15,
        "epilepsy": null,
        "medications": null,
        "stroke": null,
        "heart_attack": null,
        "oncologic": null,
        "tuberculosis": null,
        "alcohol": null,
        "pregnancy": null,
        "breastfeeding": null
    }
},
{
    "model": "patient.other_illness",
    "pk": 15,
    "fields": {
        "patient": 16,
        "epilepsy": null,
        "medications": null,
        "stroke": null,
        "heart_attack": null,
        "oncologic": null,
        "tuberculosis": null,
        "alcohol": null,
        "pregnancy": null,
        "breastfeeding": null
    }
},
{
    "model": "patient.other_illness",
    "pk": 16,
    "fields": {
        "patient": 17,
        "epilepsy": null,
        "medications": null,
        "stroke": null,
        "heart_attack": null,
        "oncologic": null,
        "tuberculosis": null,
        "alcohol": null,
        "pregnancy": null,
        "breastfeeding": null
    }
},
{
    "model": "patient.other_illness",
    "pk": 17,
    "fields": {
        "patient": 18,
        "epilepsy": null,
        "medications": null,
        "stroke": null,
        "heart_attack": null,
        "oncologic": null,
        "tuberculosis": null,
        "alcohol": null,
        "pregnancy": null,
        "breastfeeding": null
    }
},
{
    "model": "patient.other_illness",
    "pk": 18,
    "fields": {
        "patient": 19,
        "epilepsy": null,
        "medications": null,
        "stroke": null,
        "heart_attack": null,
        "oncologic": null,
        "tuberculosis": null,
        "alcohol": null,
        "pregnancy": null,
        "breastfeeding": null
    }
},
{
    "model": "patient.other_illness",
    "pk": 19,
    "fields": {
        "patient": 20,
        "epilepsy": null,
        "medications": null,
        "stroke": null,
        "heart_attack": null,
        "oncologic": null,
        "tuberculosis": null,
        "alcohol": null,
        "pregnancy": null,
        "breastfeeding": null
    }
},
{
    "model": "patient.other_illness",
    "pk": 20,
    "fields": {
        "patient": 21,
        "epilepsy": null,
        "medications": null,
        "stroke": null,
        "heart_attack": null,
        "oncologic": null,
        "tuberculosis": null,
        "alcohol": null,
        "pregnancy": null,
        "breastfeeding": null
    }
},
{
    "model": "patient.other_illness",
    "pk": 21,
    "fields": {
        "patient": 22,
        "epilepsy": null,
        "medications": null,
        "stroke": null,
        "heart_attack": null,
        "oncologic": null,
        "tuberculosis": null,
        "alcohol": null,
        "pregnancy": null,
        "breastfeeding": null
    }
},
{
    "model": "patient.other_illness",
    "pk": 22,
    "fields": {
        "patient": 23,
        "epilepsy": null,
        "medications": null,
        "stroke": null,
        "heart_attack": null,
        "oncologic": null,
        "tuberculosis": null,
        "alcohol": null,
        "pregnancy": null,
        "breastfeeding": null
    }
},
{
    "model": "patient.other_illness",
    "pk": 23,
    "fields": {
        "patient": 24,
        "epilepsy": null,
        "medications": null,
        "stroke": null,
        "heart_attack": null,
        "oncologic": null,
        "tuberculosis": null,
        "alcohol": null,
        "pregnancy": null,
        "breastfeeding": null
    }
},
{
    "model": "patient.other_illness",
    "pk": 24,
    "fields": {
        "patient": 25,
        "epilepsy": null,
        "medications": null,
        "stroke": null,
        "heart_attack": null,
        "oncologic": null,
        "tuberculosis": null,
        "alcohol": null,
        "pregnancy": null,
        "breastfeeding": null
    }
},
{
    "model": "patient.other_illness",
    "pk": 25,
    "fields": {
        "patient": 26,
        "epilepsy": null,
        "medications": null,
        "stroke": null,
        "heart_attack": null,
        "oncologic": null,
        "tuberculosis": null,
        "alcohol": null,
        "pregnancy": null,
        "breastfeeding": null
    }
},
{
    "model": "patient.other_illness",
    "pk": 26,
    "fields": {
        "patient": 27,
        "epilepsy": null,
        "medications": null,
        "stroke": null,
        "heart_attack": null,
        "oncologic": null,
        "tuberculosis": null,
        "alcohol": null,
        "pregnancy": null,
        "breastfeeding": null
    }
},
{
    "model": "patient.other_illness",
    "pk": 27,
    "fields": {
        "patient": 28,
        "epilepsy": null,
        "medications": null,
        "stroke": null,
        "heart_attack": null,
        "oncologic": null,
        "tuberculosis": null,
        "alcohol": null,
        "pregnancy": null,
        "breastfeeding": null
    }
},
{
    "model": "patient.other_illness",
    "pk": 28,
    "fields": {
        "patient": 29,
        "epilepsy": null,
        "medications": null,
        "stroke": null,
        "heart_attack": null,
        "oncologic": null,
        "tuberculosis": null,
        "alcohol": null,
        "pregnancy": null,
        "breastfeeding": null
    }
},
{
    "model": "patient.tooth",
    "pk": 1,
    "fields": {
        "code": 11,
        "status": 3,
        "patient": 1,
        "comment": ""
    }
},
{
    "model": "patient.tooth",
    "pk": 2,
    "fields": {
        "code": 12,
        "status": 1,
        "patient": 1,
        "comment": null
    }
},
{
    "model": "patient.tooth",
    "pk": 3,
    "fields": {
        "code": 13,
        "status": 1,
        "patient": 1,
        "comment": null
    }
},
{
    "model": "patient.tooth",
    "pk": 4,
    "fields": {
        "code": 14,
        "status": 1,
        "patient": 1,
        "comment": null
    }
},
{
    "model": "patient.tooth",
    "pk": 5,
    "fields": {
        "code": 15,
        "status": 1,
        "patient": 1,
        "comment": null
    }
},
{
    "model": "patient.tooth",
    "pk": 6,
    "fields": {
        "code": 16,
        "status": 1,
        "patient": 1,
        "comment": null
    }
},
{
    "model": "patient.tooth",
    "pk": 7,
    "fields": {
        "code": 17,
        "status": 1,
        "patient": 1,
        "comment": null
    }
},
{
    "model": "patient.tooth",
    "pk": 8,
    "fields": {
        "code": 18,
        "status": 1,
        "patient": 1,
        "comment": null
    }
},
{
    "model": "patient.tooth",
    "pk": 9,
    "fields": {
        "code": 21,
        "status": 9,
        "patient": 1,
        "comment": ""
    }
},
{
    "model": "patient.tooth",
    "pk": 10,
    "fields": {
        "code": 22,
        "status": 1,
        "patient": 1,
        "comment": null
    }
},
{
    "model": "patient.tooth",
    "pk": 11,
    "fields": {
        "code": 23,
        "status": 1,
        "patient": 1,
        "comment": null
    }
},
{
    "model": "patient.tooth",
    "pk": 12,
    "fields": {
        "code": 24,
        "status": 1,
        "patient": 1,
        "comment": null
    }
},
{
    "model": "patient.tooth",
    "pk": 13,
    "fields": {
        "code": 25,
        "status": 1,
        "patient": 1,
        "comment": null
    }
},
{
    "model": "patient.tooth",
    "pk": 14,
    "fields": {
        "code": 26,
        "status": 1,
        "patient": 1,
        "comment": null
    }
},
{
    "model": "patient.tooth",
    "pk": 15,
    "fields": {
        "code": 27,
        "status": 1,
        "patient": 1,
        "comment": null
    }
},
{
    "model": "patient.tooth",
    "pk": 16,
    "fields": {
        "code": 28,
        "status": 1,
        "patient": 1,
        "comment": null
    }
},
{
    "model": "patient.tooth",
    "pk": 17,
    "fields": {
        "code": 31,
        "status": 1,
        "patient": 1,
        "comment": null
    }
},
{
    "model": "patient.tooth",
    "pk": 18,
    "fields": {
        "code": 32,
        "status": 1,
        "patient": 1,
        "comment": null
    }
},
{
    "model": "patient.tooth",
    "pk": 19,
    "fields": {
        "code": 33,
        "status": 1,
        "patient": 1,
        "comment": null
    }
},
{
    "model": "patient.tooth",
    "pk": 20,
    "fields": {
        "code": 34,
        "status": 1,
        "patient": 1,
        "comment": null
    }
},
{
    "model": "patient.tooth",
    "pk": 21,
    "fields": {
        "code": 35,
        "status": 1,
        "patient": 1,
        "comment": null
    }
},
{
    "model": "patient.tooth",
    "pk": 22,
    "fields": {
        "code": 36,
        "status": 1,
        "patient": 1,
        "comment": null
    }
},
{
    "model": "patient.tooth",
    "pk": 23,
    "fields": {
        "code": 37,
        "status": 1,
        "patient": 1,
        "comment": null
    }
},
{
    "model": "patient.tooth",
    "pk": 24,
    "fields": {
        "code": 38,
        "status": 1,
        "patient": 1,
        "comment": null
    }
},
{
    "model": "patient.tooth",
    "pk": 25,
    "fields": {
        "code": 41,
        "status": 1,
        "patient": 1,
        "comment": null
    }
},
{
    "model": "patient.tooth",
    "pk": 26,
    "fields": {
        "code": 42,
        "status": 1,
        "patient": 1,
        "comment": null
    }
},
{
    "model": "patient.tooth",
    "pk": 27,
    "fields": {
        "code": 43,
        "status": 1,
        "patient": 1,
        "comment": null
    }
},
{
    "model": "patient.tooth",
    "pk": 28,
    "fields": {
        "code": 44,
        "status": 1,
        "patient": 1,
        "comment": null
    }
},
{
    "model": "patient.tooth",
    "pk": 29,
    "fields": {
        "code": 45,
        "status": 1,
        "patient": 1,
        "comment": null
    }
},
{
    "model": "patient.tooth",
    "pk": 30,
    "fields": {
        "code": 46,
        "status": 1,
        "patient": 1,
        "comment": null
    }
},
{
    "model": "patient.tooth",
    "pk": 31,
    "fields": {
        "code": 47,
        "status": 1,
        "patient": 1,
        "comment": null
    }
},
{
    "model": "patient.tooth",
    "pk": 32,
    "fields": {
        "code": 48,
        "status": 1,
        "patient": 1,
        "comment": null
    }
},
{
    "model": "patient.tooth",
    "pk": 33,
    "fields": {
        "code": 11,
        "status": 1,
        "patient": 2,
        "comment": null
    }
},
{
    "model": "patient.tooth",
    "pk": 34,
    "fields": {
        "code": 12,
        "status": 1,
        "patient": 2,
        "comment": null
    }
},
{
    "model": "patient.tooth",
    "pk": 35,
    "fields": {
        "code": 13,
        "status": 1,
        "patient": 2,
        "comment": null
    }
},
{
    "model": "patient.tooth",
    "pk": 36,
    "fields": {
        "code": 14,
        "status": 1,
        "patient": 2,
        "comment": null
    }
},
{
    "model": "patient.tooth",
    "pk": 37,
    "fields": {
        "code": 15,
        "status": 1,
        "patient": 2,
        "comment": null
    }
},
{
    "model": "patient.tooth",
    "pk": 38,
    "fields": {
        "code": 16,
        "status": 1,
        "patient": 2,
        "comment": null
    }
},
{
    "model": "patient.tooth",
    "pk": 39,
    "fields": {
        "code": 17,
        "status": 1,
        "patient": 2,
        "comment": null
    }
},
{
    "model": "patient.tooth",
    "pk": 40,
    "fields": {
        "code": 18,
        "status": 1,
        "patient": 2,
        "comment": null
    }
},
{
    "model": "patient.tooth",
    "pk": 41,
    "fields": {
        "code": 21,
        "status": 1,
        "patient": 2,
        "comment": null
    }
},
{
    "model": "patient.tooth",
    "pk": 42,
    "fields": {
        "code": 22,
        "status": 1,
        "patient": 2,
        "comment": null
    }
},
{
    "model": "patient.tooth",
    "pk": 43,
    "fields": {
        "code": 23,
        "status": 1,
        "patient": 2,
        "comment": null
    }
},
{
    "model": "patient.tooth",
    "pk": 44,
    "fields": {
        "code": 24,
        "status": 1,
        "patient": 2,
        "comment": null
    }
},
{
    "model": "patient.tooth",
    "pk": 45,
    "fields": {
        "code": 25,
        "status": 1,
        "patient": 2,
        "comment": null
    }
},
{
    "model": "patient.tooth",
    "pk": 46,
    "fields": {
        "code": 26,
        "status": 1,
        "patient": 2,
        "comment": null
    }
},
{
    "model": "patient.tooth",
    "pk": 47,
    "fields": {
        "code": 27,
        "status": 1,
        "patient": 2,
        "comment": null
    }
},
{
    "model": "patient.tooth",
    "pk": 48,
    "fields": {
        "code": 28,
        "status": 1,
        "patient": 2,
        "comment": null
    }
},
{
    "model": "patient.tooth",
    "pk": 49,
    "fields": {
        "code": 31,
        "status": 1,
        "patient": 2,
        "comment": null
    }
},
{
    "model": "patient.tooth",
    "pk": 50,
    "fields": {
        "code": 32,
        "status": 1,
        "patient": 2,
        "comment": null
    }
},
{
    "model": "patient.tooth",
    "pk": 51,
    "fields": {
        "code": 33,
        "status": 1,
        "patient": 2,
        "comment": null
    }
},
{
    "model": "patient.tooth",
    "pk": 52,
    "fields": {
        "code": 34,
        "status": 1,
        "patient": 2,
        "comment": null
    }
},
{
    "model": "patient.tooth",
    "pk": 53,
    "fields": {
        "code": 35,
        "status": 1,
        "patient": 2,
        "comment": null
    }
},
{
    "model": "patient.tooth",
    "pk": 54,
    "fields": {
        "code": 36,
        "status": 1,
        "patient": 2,
        "comment": null
    }
},
{
    "model": "patient.tooth",
    "pk": 55,
    "fields": {
        "code": 37,
        "status": 1,
        "patient": 2,
        "comment": null
    }
},
{
    "model": "patient.tooth",
    "pk": 56,
    "fields": {
        "code": 38,
        "status": 1,
        "patient": 2,
        "comment": null
    }
},
{
    "model": "patient.tooth",
    "pk": 57,
    "fields": {
        "code": 41,
        "status": 1,
        "patient": 2,
        "comment": null
    }
},
{
    "model": "patient.tooth",
    "pk": 58,
    "fields": {
        "code": 42,
        "status": 1,
        "patient": 2,
        "comment": null
    }
},
{
    "model": "patient.tooth",
    "pk": 59,
    "fields": {
        "code": 43,
        "status": 1,
        "patient": 2,
        "comment": null
    }
},
{
    "model": "patient.tooth",
    "pk": 60,
    "fields": {
        "code": 44,
        "status": 1,
        "patient": 2,
        "comment": null
    }
},
{
    "model": "patient.tooth",
    "pk": 61,
    "fields": {
        "code": 45,
        "status": 1,
        "patient": 2,
        "comment": null
    }
},
{
    "model": "patient.tooth",
    "pk": 62,
    "fields": {
        "code": 46,
        "status": 1,
        "patient": 2,
        "comment": null
    }
},
{
    "model": "patient.tooth",
    "pk": 63,
    "fields": {
        "code": 47,
        "status": 1,
        "patient": 2,
        "comment": null
    }
},
{
    "model": "patient.tooth",
    "pk": 64,
    "fields": {
        "code": 48,
        "status": 1,
        "patient": 2,
        "comment": null
    }
},
{
    "model": "patient.tooth",
    "pk": 65,
    "fields": {
        "code": 11,
        "status": 1,
        "patient": 3,
        "comment": null
    }
},
{
    "model": "patient.tooth",
    "pk": 66,
    "fields": {
        "code": 12,
        "status": 1,
        "patient": 3,
        "comment": null
    }
},
{
    "model": "patient.tooth",
    "pk": 67,
    "fields": {
        "code": 13,
        "status": 1,
        "patient": 3,
        "comment": null
    }
},
{
    "model": "patient.tooth",
    "pk": 68,
    "fields": {
        "code": 14,
        "status": 1,
        "patient": 3,
        "comment": null
    }
},
{
    "model": "patient.tooth",
    "pk": 69,
    "fields": {
        "code": 15,
        "status": 1,
        "patient": 3,
        "comment": null
    }
},
{
    "model": "patient.tooth",
    "pk": 70,
    "fields": {
        "code": 16,
        "status": 1,
        "patient": 3,
        "comment": null
    }
},
{
    "model": "patient.tooth",
    "pk": 71,
    "fields": {
        "code": 17,
        "status": 1,
        "patient": 3,
        "comment": null
    }
},
{
    "model": "patient.tooth",
    "pk": 72,
    "fields": {
        "code": 18,
        "status": 1,
        "patient": 3,
        "comment": null
    }
},
{
    "model": "patient.tooth",
    "pk": 73,
    "fields": {
        "code": 21,
        "status": 1,
        "patient": 3,
        "comment": null
    }
},
{
    "model": "patient.tooth",
    "pk": 74,
    "fields": {
        "code": 22,
        "status": 1,
        "patient": 3,
        "comment": null
    }
},
{
    "model": "patient.tooth",
    "pk": 75,
    "fields": {
        "code": 23,
        "status": 1,
        "patient": 3,
        "comment": null
    }
},
{
    "model": "patient.tooth",
    "pk": 76,
    "fields": {
        "code": 24,
        "status": 1,
        "patient": 3,
        "comment": null
    }
},
{
    "model": "patient.tooth",
    "pk": 77,
    "fields": {
        "code": 25,
        "status": 1,
        "patient": 3,
        "comment": null
    }
},
{
    "model": "patient.tooth",
    "pk": 78,
    "fields": {
        "code": 26,
        "status": 1,
        "patient": 3,
        "comment": null
    }
},
{
    "model": "patient.tooth",
    "pk": 79,
    "fields": {
        "code": 27,
        "status": 1,
        "patient": 3,
        "comment": null
    }
},
{
    "model": "patient.tooth",
    "pk": 80,
    "fields": {
        "code": 28,
        "status": 1,
        "patient": 3,
        "comment": null
    }
},
{
    "model": "patient.tooth",
    "pk": 81,
    "fields": {
        "code": 31,
        "status": 1,
        "patient": 3,
        "comment": null
    }
},
{
    "model": "patient.tooth",
    "pk": 82,
    "fields": {
        "code": 32,
        "status": 1,
        "patient": 3,
        "comment": null
    }
},
{
    "model": "patient.tooth",
    "pk": 83,
    "fields": {
        "code": 33,
        "status": 1,
        "patient": 3,
        "comment": null
    }
},
{
    "model": "patient.tooth",
    "pk": 84,
    "fields": {
        "code": 34,
        "status": 1,
        "patient": 3,
        "comment": null
    }
},
{
    "model": "patient.tooth",
    "pk": 85,
    "fields": {
        "code": 35,
        "status": 1,
        "patient": 3,
        "comment": null
    }
},
{
    "model": "patient.tooth",
    "pk": 86,
    "fields": {
        "code": 36,
        "status": 1,
        "patient": 3,
        "comment": null
    }
},
{
    "model": "patient.tooth",
    "pk": 87,
    "fields": {
        "code": 37,
        "status": 1,
        "patient": 3,
        "comment": null
    }
},
{
    "model": "patient.tooth",
    "pk": 88,
    "fields": {
        "code": 38,
        "status": 1,
        "patient": 3,
        "comment": null
    }
},
{
    "model": "patient.tooth",
    "pk": 89,
    "fields": {
        "code": 41,
        "status": 1,
        "patient": 3,
        "comment": null
    }
},
{
    "model": "patient.tooth",
    "pk": 90,
    "fields": {
        "code": 42,
        "status": 1,
        "patient": 3,
        "comment": null
    }
},
{
    "model": "patient.tooth",
    "pk": 91,
    "fields": {
        "code": 43,
        "status": 1,
        "patient": 3,
        "comment": null
    }
},
{
    "model": "patient.tooth",
    "pk": 92,
    "fields": {
        "code": 44,
        "status": 1,
        "patient": 3,
        "comment": null
    }
},
{
    "model": "patient.tooth",
    "pk": 93,
    "fields": {
        "code": 45,
        "status": 1,
        "patient": 3,
        "comment": null
    }
},
{
    "model": "patient.tooth",
    "pk": 94,
    "fields": {
        "code": 46,
        "status": 1,
        "patient": 3,
        "comment": null
    }
},
{
    "model": "patient.tooth",
    "pk": 95,
    "fields": {
        "code": 47,
        "status": 1,
        "patient": 3,
        "comment": null
    }
},
{
    "model": "patient.tooth",
    "pk": 96,
    "fields": {
        "code": 48,
        "status": 1,
        "patient": 3,
        "comment": null
    }
},
{
    "model": "patient.tooth",
    "pk": 97,
    "fields": {
        "code": 11,
        "status": 1,
        "patient": 4,
        "comment": null
    }
},
{
    "model": "patient.tooth",
    "pk": 98,
    "fields": {
        "code": 12,
        "status": 1,
        "patient": 4,
        "comment": null
    }
},
{
    "model": "patient.tooth",
    "pk": 99,
    "fields": {
        "code": 13,
        "status": 1,
        "patient": 4,
        "comment": null
    }
},
{
    "model": "patient.tooth",
    "pk": 100,
    "fields": {
        "code": 14,
        "status": 1,
        "patient": 4,
        "comment": null
    }
},
{
    "model": "patient.tooth",
    "pk": 101,
    "fields": {
        "code": 15,
        "status": 1,
        "patient": 4,
        "comment": null
    }
},
{
    "model": "patient.tooth",
    "pk": 102,
    "fields": {
        "code": 16,
        "status": 1,
        "patient": 4,
        "comment": null
    }
},
{
    "model": "patient.tooth",
    "pk": 103,
    "fields": {
        "code": 17,
        "status": 1,
        "patient": 4,
        "comment": null
    }
},
{
    "model": "patient.tooth",
    "pk": 104,
    "fields": {
        "code": 18,
        "status": 1,
        "patient": 4,
        "comment": null
    }
},
{
    "model": "patient.tooth",
    "pk": 105,
    "fields": {
        "code": 21,
        "status": 1,
        "patient": 4,
        "comment": null
    }
},
{
    "model": "patient.tooth",
    "pk": 106,
    "fields": {
        "code": 22,
        "status": 1,
        "patient": 4,
        "comment": null
    }
},
{
    "model": "patient.tooth",
    "pk": 107,
    "fields": {
        "code": 23,
        "status": 1,
        "patient": 4,
        "comment": null
    }
},
{
    "model": "patient.tooth",
    "pk": 108,
    "fields": {
        "code": 24,
        "status": 1,
        "patient": 4,
        "comment": null
    }
},
{
    "model": "patient.tooth",
    "pk": 109,
    "fields": {
        "code": 25,
        "status": 1,
        "patient": 4,
        "comment": null
    }
},
{
    "model": "patient.tooth",
    "pk": 110,
    "fields": {
        "code": 26,
        "status": 1,
        "patient": 4,
        "comment": null
    }
},
{
    "model": "patient.tooth",
    "pk": 111,
    "fields": {
        "code": 27,
        "status": 1,
        "patient": 4,
        "comment": null
    }
},
{
    "model": "patient.tooth",
    "pk": 112,
    "fields": {
        "code": 28,
        "status": 1,
        "patient": 4,
        "comment": null
    }
},
{
    "model": "patient.tooth",
    "pk": 113,
    "fields": {
        "code": 31,
        "status": 1,
        "patient": 4,
        "comment": null
    }
},
{
    "model": "patient.tooth",
    "pk": 114,
    "fields": {
        "code": 32,
        "status": 1,
        "patient": 4,
        "comment": null
    }
},
{
    "model": "patient.tooth",
    "pk": 115,
    "fields": {
        "code": 33,
        "status": 1,
        "patient": 4,
        "comment": null
    }
},
{
    "model": "patient.tooth",
    "pk": 116,
    "fields": {
        "code": 34,
        "status": 1,
        "patient": 4,
        "comment": null
    }
},
{
    "model": "patient.tooth",
    "pk": 117,
    "fields": {
        "code": 35,
        "status": 1,
        "patient": 4,
        "comment": null
    }
},
{
    "model": "patient.tooth",
    "pk": 118,
    "fields": {
        "code": 36,
        "status": 1,
        "patient": 4,
        "comment": null
    }
},
{
    "model": "patient.tooth",
    "pk": 119,
    "fields": {
        "code": 37,
        "status": 1,
        "patient": 4,
        "comment": null
    }
},
{
    "model": "patient.tooth",
    "pk": 120,
    "fields": {
        "code": 38,
        "status": 1,
        "patient": 4,
        "comment": null
    }
},
{
    "model": "patient.tooth",
    "pk": 121,
    "fields": {
        "code": 41,
        "status": 1,
        "patient": 4,
        "comment": null
    }
},
{
    "model": "patient.tooth",
    "pk": 122,
    "fields": {
        "code": 42,
        "status": 1,
        "patient": 4,
        "comment": null
    }
},
{
    "model": "patient.tooth",
    "pk": 123,
    "fields": {
        "code": 43,
        "status": 1,
        "patient": 4,
        "comment": null
    }
},
{
    "model": "patient.tooth",
    "pk": 124,
    "fields": {
        "code": 44,
        "status": 1,
        "patient": 4,
        "comment": null
    }
},
{
    "model": "patient.tooth",
    "pk": 125,
    "fields": {
        "code": 45,
        "status": 1,
        "patient": 4,
        "comment": null
    }
},
{
    "model": "patient.tooth",
    "pk": 126,
    "fields": {
        "code": 46,
        "status": 1,
        "patient": 4,
        "comment": null
    }
},
{
    "model": "patient.tooth",
    "pk": 127,
    "fields": {
        "code": 47,
        "status": 1,
        "patient": 4,
        "comment": null
    }
},
{
    "model": "patient.tooth",
    "pk": 128,
    "fields": {
        "code": 48,
        "status": 1,
        "patient": 4,
        "comment": null
    }
},
{
    "model": "patient.tooth",
    "pk": 129,
    "fields": {
        "code": 11,
        "status": 1,
        "patient": 5,
        "comment": null
    }
},
{
    "model": "patient.tooth",
    "pk": 130,
    "fields": {
        "code": 12,
        "status": 1,
        "patient": 5,
        "comment": null
    }
},
{
    "model": "patient.tooth",
    "pk": 131,
    "fields": {
        "code": 13,
        "status": 1,
        "patient": 5,
        "comment": null
    }
},
{
    "model": "patient.tooth",
    "pk": 132,
    "fields": {
        "code": 14,
        "status": 1,
        "patient": 5,
        "comment": null
    }
},
{
    "model": "patient.tooth",
    "pk": 133,
    "fields": {
        "code": 15,
        "status": 1,
        "patient": 5,
        "comment": null
    }
},
{
    "model": "patient.tooth",
    "pk": 134,
    "fields": {
        "code": 16,
        "status": 1,
        "patient": 5,
        "comment": null
    }
},
{
    "model": "patient.tooth",
    "pk": 135,
    "fields": {
        "code": 17,
        "status": 1,
        "patient": 5,
        "comment": null
    }
},
{
    "model": "patient.tooth",
    "pk": 136,
    "fields": {
        "code": 18,
        "status": 1,
        "patient": 5,
        "comment": null
    }
},
{
    "model": "patient.tooth",
    "pk": 137,
    "fields": {
        "code": 21,
        "status": 1,
        "patient": 5,
        "comment": null
    }
},
{
    "model": "patient.tooth",
    "pk": 138,
    "fields": {
        "code": 22,
        "status": 1,
        "patient": 5,
        "comment": null
    }
},
{
    "model": "patient.tooth",
    "pk": 139,
    "fields": {
        "code": 23,
        "status": 1,
        "patient": 5,
        "comment": null
    }
},
{
    "model": "patient.tooth",
    "pk": 140,
    "fields": {
        "code": 24,
        "status": 1,
        "patient": 5,
        "comment": null
    }
},
{
    "model": "patient.tooth",
    "pk": 141,
    "fields": {
        "code": 25,
        "status": 1,
        "patient": 5,
        "comment": null
    }
},
{
    "model": "patient.tooth",
    "pk": 142,
    "fields": {
        "code": 26,
        "status": 1,
        "patient": 5,
        "comment": null
    }
},
{
    "model": "patient.tooth",
    "pk": 143,
    "fields": {
        "code": 27,
        "status": 1,
        "patient": 5,
        "comment": null
    }
},
{
    "model": "patient.tooth",
    "pk": 144,
    "fields": {
        "code": 28,
        "status": 1,
        "patient": 5,
        "comment": null
    }
},
{
    "model": "patient.tooth",
    "pk": 145,
    "fields": {
        "code": 31,
        "status": 1,
        "patient": 5,
        "comment": null
    }
},
{
    "model": "patient.tooth",
    "pk": 146,
    "fields": {
        "code": 32,
        "status": 1,
        "patient": 5,
        "comment": null
    }
},
{
    "model": "patient.tooth",
    "pk": 147,
    "fields": {
        "code": 33,
        "status": 1,
        "patient": 5,
        "comment": null
    }
},
{
    "model": "patient.tooth",
    "pk": 148,
    "fields": {
        "code": 34,
        "status": 1,
        "patient": 5,
        "comment": null
    }
},
{
    "model": "patient.tooth",
    "pk": 149,
    "fields": {
        "code": 35,
        "status": 1,
        "patient": 5,
        "comment": null
    }
},
{
    "model": "patient.tooth",
    "pk": 150,
    "fields": {
        "code": 36,
        "status": 1,
        "patient": 5,
        "comment": null
    }
},
{
    "model": "patient.tooth",
    "pk": 151,
    "fields": {
        "code": 37,
        "status": 1,
        "patient": 5,
        "comment": null
    }
},
{
    "model": "patient.tooth",
    "pk": 152,
    "fields": {
        "code": 38,
        "status": 1,
        "patient": 5,
        "comment": null
    }
},
{
    "model": "patient.tooth",
    "pk": 153,
    "fields": {
        "code": 41,
        "status": 1,
        "patient": 5,
        "comment": null
    }
},
{
    "model": "patient.tooth",
    "pk": 154,
    "fields": {
        "code": 42,
        "status": 1,
        "patient": 5,
        "comment": null
    }
},
{
    "model": "patient.tooth",
    "pk": 155,
    "fields": {
        "code": 43,
        "status": 1,
        "patient": 5,
        "comment": null
    }
},
{
    "model": "patient.tooth",
    "pk": 156,
    "fields": {
        "code": 44,
        "status": 1,
        "patient": 5,
        "comment": null
    }
},
{
    "model": "patient.tooth",
    "pk": 157,
    "fields": {
        "code": 45,
        "status": 1,
        "patient": 5,
        "comment": null
    }
},
{
    "model": "patient.tooth",
    "pk": 158,
    "fields": {
        "code": 46,
        "status": 1,
        "patient": 5,
        "comment": null
    }
},
{
    "model": "patient.tooth",
    "pk": 159,
    "fields": {
        "code": 47,
        "status": 1,
        "patient": 5,
        "comment": null
    }
},
{
    "model": "patient.tooth",
    "pk": 160,
    "fields": {
        "code": 48,
        "status": 1,
        "patient": 5,
        "comment": null
    }
},
{
    "model": "patient.tooth",
    "pk": 161,
    "fields": {
        "code": 11,
        "status": 8,
        "patient": 6,
        "comment": ""
    }
},
{
    "model": "patient.tooth",
    "pk": 162,
    "fields": {
        "code": 12,
        "status": 5,
        "patient": 6,
        "comment": ""
    }
},
{
    "model": "patient.tooth",
    "pk": 163,
    "fields": {
        "code": 13,
        "status": 1,
        "patient": 6,
        "comment": null
    }
},
{
    "model": "patient.tooth",
    "pk": 164,
    "fields": {
        "code": 14,
        "status": 3,
        "patient": 6,
        "comment": ""
    }
},
{
    "model": "patient.tooth",
    "pk": 165,
    "fields": {
        "code": 15,
        "status": 1,
        "patient": 6,
        "comment": null
    }
},
{
    "model": "patient.tooth",
    "pk": 166,
    "fields": {
        "code": 16,
        "status": 1,
        "patient": 6,
        "comment": null
    }
},
{
    "model": "patient.tooth",
    "pk": 167,
    "fields": {
        "code": 17,
        "status": 1,
        "patient": 6,
        "comment": null
    }
},
{
    "model": "patient.tooth",
    "pk": 168,
    "fields": {
        "code": 18,
        "status": 1,
        "patient": 6,
        "comment": null
    }
},
{
    "model": "patient.tooth",
    "pk": 169,
    "fields": {
        "code": 21,
        "status": 1,
        "patient": 6,
        "comment": null
    }
},
{
    "model": "patient.tooth",
    "pk": 170,
    "fields": {
        "code": 22,
        "status": 1,
        "patient": 6,
        "comment": null
    }
},
{
    "model": "patient.tooth",
    "pk": 171,
    "fields": {
        "code": 23,
        "status": 1,
        "patient": 6,
        "comment": null
    }
},
{
    "model": "patient.tooth",
    "pk": 172,
    "fields": {
        "code": 24,
        "status": 1,
        "patient": 6,
        "comment": null
    }
},
{
    "model": "patient.tooth",
    "pk": 173,
    "fields": {
        "code": 25,
        "status": 1,
        "patient": 6,
        "comment": null
    }
},
{
    "model": "patient.tooth",
    "pk": 174,
    "fields": {
        "code": 26,
        "status": 1,
        "patient": 6,
        "comment": null
    }
},
{
    "model": "patient.tooth",
    "pk": 175,
    "fields": {
        "code": 27,
        "status": 1,
        "patient": 6,
        "comment": null
    }
},
{
    "model": "patient.tooth",
    "pk": 176,
    "fields": {
        "code": 28,
        "status": 1,
        "patient": 6,
        "comment": null
    }
},
{
    "model": "patient.tooth",
    "pk": 177,
    "fields": {
        "code": 31,
        "status": 1,
        "patient": 6,
        "comment": null
    }
},
{
    "model": "patient.tooth",
    "pk": 178,
    "fields": {
        "code": 32,
        "status": 1,
        "patient": 6,
        "comment": null
    }
},
{
    "model": "patient.tooth",
    "pk": 179,
    "fields": {
        "code": 33,
        "status": 1,
        "patient": 6,
        "comment": null
    }
},
{
    "model": "patient.tooth",
    "pk": 180,
    "fields": {
        "code": 34,
        "status": 1,
        "patient": 6,
        "comment": null
    }
},
{
    "model": "patient.tooth",
    "pk": 181,
    "fields": {
        "code": 35,
        "status": 1,
        "patient": 6,
        "comment": null
    }
},
{
    "model": "patient.tooth",
    "pk": 182,
    "fields": {
        "code": 36,
        "status": 1,
        "patient": 6,
        "comment": null
    }
},
{
    "model": "patient.tooth",
    "pk": 183,
    "fields": {
        "code": 37,
        "status": 1,
        "patient": 6,
        "comment": null
    }
},
{
    "model": "patient.tooth",
    "pk": 184,
    "fields": {
        "code": 38,
        "status": 1,
        "patient": 6,
        "comment": null
    }
},
{
    "model": "patient.tooth",
    "pk": 185,
    "fields": {
        "code": 41,
        "status": 1,
        "patient": 6,
        "comment": null
    }
},
{
    "model": "patient.tooth",
    "pk": 186,
    "fields": {
        "code": 42,
        "status": 1,
        "patient": 6,
        "comment": null
    }
},
{
    "model": "patient.tooth",
    "pk": 187,
    "fields": {
        "code": 43,
        "status": 1,
        "patient": 6,
        "comment": null
    }
},
{
    "model": "patient.tooth",
    "pk": 188,
    "fields": {
        "code": 44,
        "status": 1,
        "patient": 6,
        "comment": null
    }
},
{
    "model": "patient.tooth",
    "pk": 189,
    "fields": {
        "code": 45,
        "status": 1,
        "patient": 6,
        "comment": null
    }
},
{
    "model": "patient.tooth",
    "pk": 190,
    "fields": {
        "code": 46,
        "status": 1,
        "patient": 6,
        "comment": null
    }
},
{
    "model": "patient.tooth",
    "pk": 191,
    "fields": {
        "code": 47,
        "status": 1,
        "patient": 6,
        "comment": null
    }
},
{
    "model": "patient.tooth",
    "pk": 192,
    "fields": {
        "code": 48,
        "status": 1,
        "patient": 6,
        "comment": null
    }
},
{
    "model": "patient.tooth",
    "pk": 193,
    "fields": {
        "code": 11,
        "status": 1,
        "patient": 7,
        "comment": null
    }
},
{
    "model": "patient.tooth",
    "pk": 194,
    "fields": {
        "code": 12,
        "status": 1,
        "patient": 7,
        "comment": null
    }
},
{
    "model": "patient.tooth",
    "pk": 195,
    "fields": {
        "code": 13,
        "status": 1,
        "patient": 7,
        "comment": null
    }
},
{
    "model": "patient.tooth",
    "pk": 196,
    "fields": {
        "code": 14,
        "status": 1,
        "patient": 7,
        "comment": null
    }
},
{
    "model": "patient.tooth",
    "pk": 197,
    "fields": {
        "code": 15,
        "status": 1,
        "patient": 7,
        "comment": null
    }
},
{
    "model": "patient.tooth",
    "pk": 198,
    "fields": {
        "code": 16,
        "status": 1,
        "patient": 7,
        "comment": null
    }
},
{
    "model": "patient.tooth",
    "pk": 199,
    "fields": {
        "code": 17,
        "status": 1,
        "patient": 7,
        "comment": null
    }
},
{
    "model": "patient.tooth",
    "pk": 200,
    "fields": {
        "code": 18,
        "status": 1,
        "patient": 7,
        "comment": null
    }
},
{
    "model": "patient.tooth",
    "pk": 201,
    "fields": {
        "code": 21,
        "status": 1,
        "patient": 7,
        "comment": null
    }
},
{
    "model": "patient.tooth",
    "pk": 202,
    "fields": {
        "code": 22,
        "status": 1,
        "patient": 7,
        "comment": null
    }
},
{
    "model": "patient.tooth",
    "pk": 203,
    "fields": {
        "code": 23,
        "status": 1,
        "patient": 7,
        "comment": null
    }
},
{
    "model": "patient.tooth",
    "pk": 204,
    "fields": {
        "code": 24,
        "status": 1,
        "patient": 7,
        "comment": null
    }
},
{
    "model": "patient.tooth",
    "pk": 205,
    "fields": {
        "code": 25,
        "status": 1,
        "patient": 7,
        "comment": null
    }
},
{
    "model": "patient.tooth",
    "pk": 206,
    "fields": {
        "code": 26,
        "status": 1,
        "patient": 7,
        "comment": null
    }
},
{
    "model": "patient.tooth",
    "pk": 207,
    "fields": {
        "code": 27,
        "status": 1,
        "patient": 7,
        "comment": null
    }
},
{
    "model": "patient.tooth",
    "pk": 208,
    "fields": {
        "code": 28,
        "status": 1,
        "patient": 7,
        "comment": null
    }
},
{
    "model": "patient.tooth",
    "pk": 209,
    "fields": {
        "code": 31,
        "status": 1,
        "patient": 7,
        "comment": null
    }
},
{
    "model": "patient.tooth",
    "pk": 210,
    "fields": {
        "code": 32,
        "status": 1,
        "patient": 7,
        "comment": null
    }
},
{
    "model": "patient.tooth",
    "pk": 211,
    "fields": {
        "code": 33,
        "status": 1,
        "patient": 7,
        "comment": null
    }
},
{
    "model": "patient.tooth",
    "pk": 212,
    "fields": {
        "code": 34,
        "status": 1,
        "patient": 7,
        "comment": null
    }
},
{
    "model": "patient.tooth",
    "pk": 213,
    "fields": {
        "code": 35,
        "status": 1,
        "patient": 7,
        "comment": null
    }
},
{
    "model": "patient.tooth",
    "pk": 214,
    "fields": {
        "code": 36,
        "status": 1,
        "patient": 7,
        "comment": null
    }
},
{
    "model": "patient.tooth",
    "pk": 215,
    "fields": {
        "code": 37,
        "status": 1,
        "patient": 7,
        "comment": null
    }
},
{
    "model": "patient.tooth",
    "pk": 216,
    "fields": {
        "code": 38,
        "status": 1,
        "patient": 7,
        "comment": null
    }
},
{
    "model": "patient.tooth",
    "pk": 217,
    "fields": {
        "code": 41,
        "status": 1,
        "patient": 7,
        "comment": null
    }
},
{
    "model": "patient.tooth",
    "pk": 218,
    "fields": {
        "code": 42,
        "status": 1,
        "patient": 7,
        "comment": null
    }
},
{
    "model": "patient.tooth",
    "pk": 219,
    "fields": {
        "code": 43,
        "status": 1,
        "patient": 7,
        "comment": null
    }
},
{
    "model": "patient.tooth",
    "pk": 220,
    "fields": {
        "code": 44,
        "status": 1,
        "patient": 7,
        "comment": null
    }
},
{
    "model": "patient.tooth",
    "pk": 221,
    "fields": {
        "code": 45,
        "status": 1,
        "patient": 7,
        "comment": null
    }
},
{
    "model": "patient.tooth",
    "pk": 222,
    "fields": {
        "code": 46,
        "status": 1,
        "patient": 7,
        "comment": null
    }
},
{
    "model": "patient.tooth",
    "pk": 223,
    "fields": {
        "code": 47,
        "status": 1,
        "patient": 7,
        "comment": null
    }
},
{
    "model": "patient.tooth",
    "pk": 224,
    "fields": {
        "code": 48,
        "status": 1,
        "patient": 7,
        "comment": null
    }
},
{
    "model": "patient.tooth",
    "pk": 225,
    "fields": {
        "code": 11,
        "status": 1,
        "patient": 9,
        "comment": null
    }
},
{
    "model": "patient.tooth",
    "pk": 226,
    "fields": {
        "code": 12,
        "status": 1,
        "patient": 9,
        "comment": null
    }
},
{
    "model": "patient.tooth",
    "pk": 227,
    "fields": {
        "code": 13,
        "status": 1,
        "patient": 9,
        "comment": null
    }
},
{
    "model": "patient.tooth",
    "pk": 228,
    "fields": {
        "code": 14,
        "status": 1,
        "patient": 9,
        "comment": null
    }
},
{
    "model": "patient.tooth",
    "pk": 229,
    "fields": {
        "code": 15,
        "status": 1,
        "patient": 9,
        "comment": null
    }
},
{
    "model": "patient.tooth",
    "pk": 230,
    "fields": {
        "code": 16,
        "status": 1,
        "patient": 9,
        "comment": null
    }
},
{
    "model": "patient.tooth",
    "pk": 231,
    "fields": {
        "code": 17,
        "status": 1,
        "patient": 9,
        "comment": null
    }
},
{
    "model": "patient.tooth",
    "pk": 232,
    "fields": {
        "code": 18,
        "status": 1,
        "patient": 9,
        "comment": null
    }
},
{
    "model": "patient.tooth",
    "pk": 233,
    "fields": {
        "code": 21,
        "status": 1,
        "patient": 9,
        "comment": null
    }
},
{
    "model": "patient.tooth",
    "pk": 234,
    "fields": {
        "code": 22,
        "status": 1,
        "patient": 9,
        "comment": null
    }
},
{
    "model": "patient.tooth",
    "pk": 235,
    "fields": {
        "code": 23,
        "status": 1,
        "patient": 9,
        "comment": null
    }
},
{
    "model": "patient.tooth",
    "pk": 236,
    "fields": {
        "code": 24,
        "status": 1,
        "patient": 9,
        "comment": null
    }
},
{
    "model": "patient.tooth",
    "pk": 237,
    "fields": {
        "code": 25,
        "status": 1,
        "patient": 9,
        "comment": null
    }
},
{
    "model": "patient.tooth",
    "pk": 238,
    "fields": {
        "code": 26,
        "status": 1,
        "patient": 9,
        "comment": null
    }
},
{
    "model": "patient.tooth",
    "pk": 239,
    "fields": {
        "code": 27,
        "status": 1,
        "patient": 9,
        "comment": null
    }
},
{
    "model": "patient.tooth",
    "pk": 240,
    "fields": {
        "code": 28,
        "status": 1,
        "patient": 9,
        "comment": null
    }
},
{
    "model": "patient.tooth",
    "pk": 241,
    "fields": {
        "code": 31,
        "status": 1,
        "patient": 9,
        "comment": null
    }
},
{
    "model": "patient.tooth",
    "pk": 242,
    "fields": {
        "code": 32,
        "status": 1,
        "patient": 9,
        "comment": null
    }
},
{
    "model": "patient.tooth",
    "pk": 243,
    "fields": {
        "code": 33,
        "status": 1,
        "patient": 9,
        "comment": null
    }
},
{
    "model": "patient.tooth",
    "pk": 244,
    "fields": {
        "code": 34,
        "status": 1,
        "patient": 9,
        "comment": null
    }
},
{
    "model": "patient.tooth",
    "pk": 245,
    "fields": {
        "code": 35,
        "status": 1,
        "patient": 9,
        "comment": null
    }
},
{
    "model": "patient.tooth",
    "pk": 246,
    "fields": {
        "code": 36,
        "status": 1,
        "patient": 9,
        "comment": null
    }
},
{
    "model": "patient.tooth",
    "pk": 247,
    "fields": {
        "code": 37,
        "status": 1,
        "patient": 9,
        "comment": null
    }
},
{
    "model": "patient.tooth",
    "pk": 248,
    "fields": {
        "code": 38,
        "status": 1,
        "patient": 9,
        "comment": null
    }
},
{
    "model": "patient.tooth",
    "pk": 249,
    "fields": {
        "code": 41,
        "status": 1,
        "patient": 9,
        "comment": null
    }
},
{
    "model": "patient.tooth",
    "pk": 250,
    "fields": {
        "code": 42,
        "status": 1,
        "patient": 9,
        "comment": null
    }
},
{
    "model": "patient.tooth",
    "pk": 251,
    "fields": {
        "code": 43,
        "status": 1,
        "patient": 9,
        "comment": null
    }
},
{
    "model": "patient.tooth",
    "pk": 252,
    "fields": {
        "code": 44,
        "status": 1,
        "patient": 9,
        "comment": null
    }
},
{
    "model": "patient.tooth",
    "pk": 253,
    "fields": {
        "code": 45,
        "status": 1,
        "patient": 9,
        "comment": null
    }
},
{
    "model": "patient.tooth",
    "pk": 254,
    "fields": {
        "code": 46,
        "status": 1,
        "patient": 9,
        "comment": null
    }
},
{
    "model": "patient.tooth",
    "pk": 255,
    "fields": {
        "code": 47,
        "status": 1,
        "patient": 9,
        "comment": null
    }
},
{
    "model": "patient.tooth",
    "pk": 256,
    "fields": {
        "code": 48,
        "status": 1,
        "patient": 9,
        "comment": null
    }
},
{
    "model": "patient.tooth",
    "pk": 257,
    "fields": {
        "code": 11,
        "status": 1,
        "patient": 10,
        "comment": null
    }
},
{
    "model": "patient.tooth",
    "pk": 258,
    "fields": {
        "code": 12,
        "status": 1,
        "patient": 10,
        "comment": null
    }
},
{
    "model": "patient.tooth",
    "pk": 259,
    "fields": {
        "code": 13,
        "status": 1,
        "patient": 10,
        "comment": null
    }
},
{
    "model": "patient.tooth",
    "pk": 260,
    "fields": {
        "code": 14,
        "status": 1,
        "patient": 10,
        "comment": null
    }
},
{
    "model": "patient.tooth",
    "pk": 261,
    "fields": {
        "code": 15,
        "status": 1,
        "patient": 10,
        "comment": null
    }
},
{
    "model": "patient.tooth",
    "pk": 262,
    "fields": {
        "code": 16,
        "status": 1,
        "patient": 10,
        "comment": null
    }
},
{
    "model": "patient.tooth",
    "pk": 263,
    "fields": {
        "code": 17,
        "status": 1,
        "patient": 10,
        "comment": null
    }
},
{
    "model": "patient.tooth",
    "pk": 264,
    "fields": {
        "code": 18,
        "status": 1,
        "patient": 10,
        "comment": null
    }
},
{
    "model": "patient.tooth",
    "pk": 265,
    "fields": {
        "code": 21,
        "status": 1,
        "patient": 10,
        "comment": null
    }
},
{
    "model": "patient.tooth",
    "pk": 266,
    "fields": {
        "code": 22,
        "status": 1,
        "patient": 10,
        "comment": null
    }
},
{
    "model": "patient.tooth",
    "pk": 267,
    "fields": {
        "code": 23,
        "status": 1,
        "patient": 10,
        "comment": null
    }
},
{
    "model": "patient.tooth",
    "pk": 268,
    "fields": {
        "code": 24,
        "status": 1,
        "patient": 10,
        "comment": null
    }
},
{
    "model": "patient.tooth",
    "pk": 269,
    "fields": {
        "code": 25,
        "status": 1,
        "patient": 10,
        "comment": null
    }
},
{
    "model": "patient.tooth",
    "pk": 270,
    "fields": {
        "code": 26,
        "status": 1,
        "patient": 10,
        "comment": null
    }
},
{
    "model": "patient.tooth",
    "pk": 271,
    "fields": {
        "code": 27,
        "status": 1,
        "patient": 10,
        "comment": null
    }
},
{
    "model": "patient.tooth",
    "pk": 272,
    "fields": {
        "code": 28,
        "status": 1,
        "patient": 10,
        "comment": null
    }
},
{
    "model": "patient.tooth",
    "pk": 273,
    "fields": {
        "code": 31,
        "status": 1,
        "patient": 10,
        "comment": null
    }
},
{
    "model": "patient.tooth",
    "pk": 274,
    "fields": {
        "code": 32,
        "status": 1,
        "patient": 10,
        "comment": null
    }
},
{
    "model": "patient.tooth",
    "pk": 275,
    "fields": {
        "code": 33,
        "status": 1,
        "patient": 10,
        "comment": null
    }
},
{
    "model": "patient.tooth",
    "pk": 276,
    "fields": {
        "code": 34,
        "status": 1,
        "patient": 10,
        "comment": null
    }
},
{
    "model": "patient.tooth",
    "pk": 277,
    "fields": {
        "code": 35,
        "status": 1,
        "patient": 10,
        "comment": null
    }
},
{
    "model": "patient.tooth",
    "pk": 278,
    "fields": {
        "code": 36,
        "status": 1,
        "patient": 10,
        "comment": null
    }
},
{
    "model": "patient.tooth",
    "pk": 279,
    "fields": {
        "code": 37,
        "status": 1,
        "patient": 10,
        "comment": null
    }
},
{
    "model": "patient.tooth",
    "pk": 280,
    "fields": {
        "code": 38,
        "status": 1,
        "patient": 10,
        "comment": null
    }
},
{
    "model": "patient.tooth",
    "pk": 281,
    "fields": {
        "code": 41,
        "status": 1,
        "patient": 10,
        "comment": null
    }
},
{
    "model": "patient.tooth",
    "pk": 282,
    "fields": {
        "code": 42,
        "status": 1,
        "patient": 10,
        "comment": null
    }
},
{
    "model": "patient.tooth",
    "pk": 283,
    "fields": {
        "code": 43,
        "status": 1,
        "patient": 10,
        "comment": null
    }
},
{
    "model": "patient.tooth",
    "pk": 284,
    "fields": {
        "code": 44,
        "status": 1,
        "patient": 10,
        "comment": null
    }
},
{
    "model": "patient.tooth",
    "pk": 285,
    "fields": {
        "code": 45,
        "status": 1,
        "patient": 10,
        "comment": null
    }
},
{
    "model": "patient.tooth",
    "pk": 286,
    "fields": {
        "code": 46,
        "status": 1,
        "patient": 10,
        "comment": null
    }
},
{
    "model": "patient.tooth",
    "pk": 287,
    "fields": {
        "code": 47,
        "status": 1,
        "patient": 10,
        "comment": null
    }
},
{
    "model": "patient.tooth",
    "pk": 288,
    "fields": {
        "code": 48,
        "status": 1,
        "patient": 10,
        "comment": null
    }
},
{
    "model": "patient.tooth",
    "pk": 289,
    "fields": {
        "code": 11,
        "status": 1,
        "patient": 11,
        "comment": null
    }
},
{
    "model": "patient.tooth",
    "pk": 290,
    "fields": {
        "code": 12,
        "status": 1,
        "patient": 11,
        "comment": null
    }
},
{
    "model": "patient.tooth",
    "pk": 291,
    "fields": {
        "code": 13,
        "status": 1,
        "patient": 11,
        "comment": null
    }
},
{
    "model": "patient.tooth",
    "pk": 292,
    "fields": {
        "code": 14,
        "status": 1,
        "patient": 11,
        "comment": null
    }
},
{
    "model": "patient.tooth",
    "pk": 293,
    "fields": {
        "code": 15,
        "status": 1,
        "patient": 11,
        "comment": null
    }
},
{
    "model": "patient.tooth",
    "pk": 294,
    "fields": {
        "code": 16,
        "status": 1,
        "patient": 11,
        "comment": null
    }
},
{
    "model": "patient.tooth",
    "pk": 295,
    "fields": {
        "code": 17,
        "status": 1,
        "patient": 11,
        "comment": null
    }
},
{
    "model": "patient.tooth",
    "pk": 296,
    "fields": {
        "code": 18,
        "status": 1,
        "patient": 11,
        "comment": null
    }
},
{
    "model": "patient.tooth",
    "pk": 297,
    "fields": {
        "code": 21,
        "status": 1,
        "patient": 11,
        "comment": null
    }
},
{
    "model": "patient.tooth",
    "pk": 298,
    "fields": {
        "code": 22,
        "status": 1,
        "patient": 11,
        "comment": null
    }
},
{
    "model": "patient.tooth",
    "pk": 299,
    "fields": {
        "code": 23,
        "status": 1,
        "patient": 11,
        "comment": null
    }
},
{
    "model": "patient.tooth",
    "pk": 300,
    "fields": {
        "code": 24,
        "status": 1,
        "patient": 11,
        "comment": null
    }
},
{
    "model": "patient.tooth",
    "pk": 301,
    "fields": {
        "code": 25,
        "status": 1,
        "patient": 11,
        "comment": null
    }
},
{
    "model": "patient.tooth",
    "pk": 302,
    "fields": {
        "code": 26,
        "status": 1,
        "patient": 11,
        "comment": null
    }
},
{
    "model": "patient.tooth",
    "pk": 303,
    "fields": {
        "code": 27,
        "status": 1,
        "patient": 11,
        "comment": null
    }
},
{
    "model": "patient.tooth",
    "pk": 304,
    "fields": {
        "code": 28,
        "status": 1,
        "patient": 11,
        "comment": null
    }
},
{
    "model": "patient.tooth",
    "pk": 305,
    "fields": {
        "code": 31,
        "status": 1,
        "patient": 11,
        "comment": null
    }
},
{
    "model": "patient.tooth",
    "pk": 306,
    "fields": {
        "code": 32,
        "status": 1,
        "patient": 11,
        "comment": null
    }
},
{
    "model": "patient.tooth",
    "pk": 307,
    "fields": {
        "code": 33,
        "status": 1,
        "patient": 11,
        "comment": null
    }
},
{
    "model": "patient.tooth",
    "pk": 308,
    "fields": {
        "code": 34,
        "status": 1,
        "patient": 11,
        "comment": null
    }
},
{
    "model": "patient.tooth",
    "pk": 309,
    "fields": {
        "code": 35,
        "status": 1,
        "patient": 11,
        "comment": null
    }
},
{
    "model": "patient.tooth",
    "pk": 310,
    "fields": {
        "code": 36,
        "status": 1,
        "patient": 11,
        "comment": null
    }
},
{
    "model": "patient.tooth",
    "pk": 311,
    "fields": {
        "code": 37,
        "status": 1,
        "patient": 11,
        "comment": null
    }
},
{
    "model": "patient.tooth",
    "pk": 312,
    "fields": {
        "code": 38,
        "status": 1,
        "patient": 11,
        "comment": null
    }
},
{
    "model": "patient.tooth",
    "pk": 313,
    "fields": {
        "code": 41,
        "status": 1,
        "patient": 11,
        "comment": null
    }
},
{
    "model": "patient.tooth",
    "pk": 314,
    "fields": {
        "code": 42,
        "status": 1,
        "patient": 11,
        "comment": null
    }
},
{
    "model": "patient.tooth",
    "pk": 315,
    "fields": {
        "code": 43,
        "status": 1,
        "patient": 11,
        "comment": null
    }
},
{
    "model": "patient.tooth",
    "pk": 316,
    "fields": {
        "code": 44,
        "status": 1,
        "patient": 11,
        "comment": null
    }
},
{
    "model": "patient.tooth",
    "pk": 317,
    "fields": {
        "code": 45,
        "status": 1,
        "patient": 11,
        "comment": null
    }
},
{
    "model": "patient.tooth",
    "pk": 318,
    "fields": {
        "code": 46,
        "status": 1,
        "patient": 11,
        "comment": null
    }
},
{
    "model": "patient.tooth",
    "pk": 319,
    "fields": {
        "code": 47,
        "status": 1,
        "patient": 11,
        "comment": null
    }
},
{
    "model": "patient.tooth",
    "pk": 320,
    "fields": {
        "code": 48,
        "status": 1,
        "patient": 11,
        "comment": null
    }
},
{
    "model": "patient.tooth",
    "pk": 321,
    "fields": {
        "code": 11,
        "status": 1,
        "patient": 12,
        "comment": null
    }
},
{
    "model": "patient.tooth",
    "pk": 322,
    "fields": {
        "code": 12,
        "status": 1,
        "patient": 12,
        "comment": null
    }
},
{
    "model": "patient.tooth",
    "pk": 323,
    "fields": {
        "code": 13,
        "status": 1,
        "patient": 12,
        "comment": null
    }
},
{
    "model": "patient.tooth",
    "pk": 324,
    "fields": {
        "code": 14,
        "status": 1,
        "patient": 12,
        "comment": null
    }
},
{
    "model": "patient.tooth",
    "pk": 325,
    "fields": {
        "code": 15,
        "status": 1,
        "patient": 12,
        "comment": null
    }
},
{
    "model": "patient.tooth",
    "pk": 326,
    "fields": {
        "code": 16,
        "status": 1,
        "patient": 12,
        "comment": null
    }
},
{
    "model": "patient.tooth",
    "pk": 327,
    "fields": {
        "code": 17,
        "status": 1,
        "patient": 12,
        "comment": null
    }
},
{
    "model": "patient.tooth",
    "pk": 328,
    "fields": {
        "code": 18,
        "status": 1,
        "patient": 12,
        "comment": null
    }
},
{
    "model": "patient.tooth",
    "pk": 329,
    "fields": {
        "code": 21,
        "status": 1,
        "patient": 12,
        "comment": null
    }
},
{
    "model": "patient.tooth",
    "pk": 330,
    "fields": {
        "code": 22,
        "status": 1,
        "patient": 12,
        "comment": null
    }
},
{
    "model": "patient.tooth",
    "pk": 331,
    "fields": {
        "code": 23,
        "status": 1,
        "patient": 12,
        "comment": null
    }
},
{
    "model": "patient.tooth",
    "pk": 332,
    "fields": {
        "code": 24,
        "status": 1,
        "patient": 12,
        "comment": null
    }
},
{
    "model": "patient.tooth",
    "pk": 333,
    "fields": {
        "code": 25,
        "status": 1,
        "patient": 12,
        "comment": null
    }
},
{
    "model": "patient.tooth",
    "pk": 334,
    "fields": {
        "code": 26,
        "status": 1,
        "patient": 12,
        "comment": null
    }
},
{
    "model": "patient.tooth",
    "pk": 335,
    "fields": {
        "code": 27,
        "status": 1,
        "patient": 12,
        "comment": null
    }
},
{
    "model": "patient.tooth",
    "pk": 336,
    "fields": {
        "code": 28,
        "status": 1,
        "patient": 12,
        "comment": null
    }
},
{
    "model": "patient.tooth",
    "pk": 337,
    "fields": {
        "code": 31,
        "status": 1,
        "patient": 12,
        "comment": null
    }
},
{
    "model": "patient.tooth",
    "pk": 338,
    "fields": {
        "code": 32,
        "status": 1,
        "patient": 12,
        "comment": null
    }
},
{
    "model": "patient.tooth",
    "pk": 339,
    "fields": {
        "code": 33,
        "status": 1,
        "patient": 12,
        "comment": null
    }
},
{
    "model": "patient.tooth",
    "pk": 340,
    "fields": {
        "code": 34,
        "status": 1,
        "patient": 12,
        "comment": null
    }
},
{
    "model": "patient.tooth",
    "pk": 341,
    "fields": {
        "code": 35,
        "status": 1,
        "patient": 12,
        "comment": null
    }
},
{
    "model": "patient.tooth",
    "pk": 342,
    "fields": {
        "code": 36,
        "status": 1,
        "patient": 12,
        "comment": null
    }
},
{
    "model": "patient.tooth",
    "pk": 343,
    "fields": {
        "code": 37,
        "status": 1,
        "patient": 12,
        "comment": null
    }
},
{
    "model": "patient.tooth",
    "pk": 344,
    "fields": {
        "code": 38,
        "status": 1,
        "patient": 12,
        "comment": null
    }
},
{
    "model": "patient.tooth",
    "pk": 345,
    "fields": {
        "code": 41,
        "status": 1,
        "patient": 12,
        "comment": null
    }
},
{
    "model": "patient.tooth",
    "pk": 346,
    "fields": {
        "code": 42,
        "status": 1,
        "patient": 12,
        "comment": null
    }
},
{
    "model": "patient.tooth",
    "pk": 347,
    "fields": {
        "code": 43,
        "status": 1,
        "patient": 12,
        "comment": null
    }
},
{
    "model": "patient.tooth",
    "pk": 348,
    "fields": {
        "code": 44,
        "status": 1,
        "patient": 12,
        "comment": null
    }
},
{
    "model": "patient.tooth",
    "pk": 349,
    "fields": {
        "code": 45,
        "status": 1,
        "patient": 12,
        "comment": null
    }
},
{
    "model": "patient.tooth",
    "pk": 350,
    "fields": {
        "code": 46,
        "status": 1,
        "patient": 12,
        "comment": null
    }
},
{
    "model": "patient.tooth",
    "pk": 351,
    "fields": {
        "code": 47,
        "status": 1,
        "patient": 12,
        "comment": null
    }
},
{
    "model": "patient.tooth",
    "pk": 352,
    "fields": {
        "code": 48,
        "status": 1,
        "patient": 12,
        "comment": null
    }
},
{
    "model": "patient.tooth",
    "pk": 353,
    "fields": {
        "code": 11,
        "status": 1,
        "patient": 13,
        "comment": null
    }
},
{
    "model": "patient.tooth",
    "pk": 354,
    "fields": {
        "code": 12,
        "status": 1,
        "patient": 13,
        "comment": null
    }
},
{
    "model": "patient.tooth",
    "pk": 355,
    "fields": {
        "code": 13,
        "status": 1,
        "patient": 13,
        "comment": null
    }
},
{
    "model": "patient.tooth",
    "pk": 356,
    "fields": {
        "code": 14,
        "status": 1,
        "patient": 13,
        "comment": null
    }
},
{
    "model": "patient.tooth",
    "pk": 357,
    "fields": {
        "code": 15,
        "status": 1,
        "patient": 13,
        "comment": null
    }
},
{
    "model": "patient.tooth",
    "pk": 358,
    "fields": {
        "code": 16,
        "status": 1,
        "patient": 13,
        "comment": null
    }
},
{
    "model": "patient.tooth",
    "pk": 359,
    "fields": {
        "code": 17,
        "status": 1,
        "patient": 13,
        "comment": null
    }
},
{
    "model": "patient.tooth",
    "pk": 360,
    "fields": {
        "code": 18,
        "status": 1,
        "patient": 13,
        "comment": null
    }
},
{
    "model": "patient.tooth",
    "pk": 361,
    "fields": {
        "code": 21,
        "status": 1,
        "patient": 13,
        "comment": null
    }
},
{
    "model": "patient.tooth",
    "pk": 362,
    "fields": {
        "code": 22,
        "status": 1,
        "patient": 13,
        "comment": null
    }
},
{
    "model": "patient.tooth",
    "pk": 363,
    "fields": {
        "code": 23,
        "status": 1,
        "patient": 13,
        "comment": null
    }
},
{
    "model": "patient.tooth",
    "pk": 364,
    "fields": {
        "code": 24,
        "status": 1,
        "patient": 13,
        "comment": null
    }
},
{
    "model": "patient.tooth",
    "pk": 365,
    "fields": {
        "code": 25,
        "status": 1,
        "patient": 13,
        "comment": null
    }
},
{
    "model": "patient.tooth",
    "pk": 366,
    "fields": {
        "code": 26,
        "status": 1,
        "patient": 13,
        "comment": null
    }
},
{
    "model": "patient.tooth",
    "pk": 367,
    "fields": {
        "code": 27,
        "status": 1,
        "patient": 13,
        "comment": null
    }
},
{
    "model": "patient.tooth",
    "pk": 368,
    "fields": {
        "code": 28,
        "status": 1,
        "patient": 13,
        "comment": null
    }
},
{
    "model": "patient.tooth",
    "pk": 369,
    "fields": {
        "code": 31,
        "status": 1,
        "patient": 13,
        "comment": null
    }
},
{
    "model": "patient.tooth",
    "pk": 370,
    "fields": {
        "code": 32,
        "status": 1,
        "patient": 13,
        "comment": null
    }
},
{
    "model": "patient.tooth",
    "pk": 371,
    "fields": {
        "code": 33,
        "status": 1,
        "patient": 13,
        "comment": null
    }
},
{
    "model": "patient.tooth",
    "pk": 372,
    "fields": {
        "code": 34,
        "status": 1,
        "patient": 13,
        "comment": null
    }
},
{
    "model": "patient.tooth",
    "pk": 373,
    "fields": {
        "code": 35,
        "status": 1,
        "patient": 13,
        "comment": null
    }
},
{
    "model": "patient.tooth",
    "pk": 374,
    "fields": {
        "code": 36,
        "status": 1,
        "patient": 13,
        "comment": null
    }
},
{
    "model": "patient.tooth",
    "pk": 375,
    "fields": {
        "code": 37,
        "status": 1,
        "patient": 13,
        "comment": null
    }
},
{
    "model": "patient.tooth",
    "pk": 376,
    "fields": {
        "code": 38,
        "status": 1,
        "patient": 13,
        "comment": null
    }
},
{
    "model": "patient.tooth",
    "pk": 377,
    "fields": {
        "code": 41,
        "status": 1,
        "patient": 13,
        "comment": null
    }
},
{
    "model": "patient.tooth",
    "pk": 378,
    "fields": {
        "code": 42,
        "status": 1,
        "patient": 13,
        "comment": null
    }
},
{
    "model": "patient.tooth",
    "pk": 379,
    "fields": {
        "code": 43,
        "status": 1,
        "patient": 13,
        "comment": null
    }
},
{
    "model": "patient.tooth",
    "pk": 380,
    "fields": {
        "code": 44,
        "status": 1,
        "patient": 13,
        "comment": null
    }
},
{
    "model": "patient.tooth",
    "pk": 381,
    "fields": {
        "code": 45,
        "status": 1,
        "patient": 13,
        "comment": null
    }
},
{
    "model": "patient.tooth",
    "pk": 382,
    "fields": {
        "code": 46,
        "status": 1,
        "patient": 13,
        "comment": null
    }
},
{
    "model": "patient.tooth",
    "pk": 383,
    "fields": {
        "code": 47,
        "status": 1,
        "patient": 13,
        "comment": null
    }
},
{
    "model": "patient.tooth",
    "pk": 384,
    "fields": {
        "code": 48,
        "status": 1,
        "patient": 13,
        "comment": null
    }
},
{
    "model": "patient.tooth",
    "pk": 385,
    "fields": {
        "code": 11,
        "status": 1,
        "patient": 14,
        "comment": null
    }
},
{
    "model": "patient.tooth",
    "pk": 386,
    "fields": {
        "code": 12,
        "status": 1,
        "patient": 14,
        "comment": null
    }
},
{
    "model": "patient.tooth",
    "pk": 387,
    "fields": {
        "code": 13,
        "status": 1,
        "patient": 14,
        "comment": null
    }
},
{
    "model": "patient.tooth",
    "pk": 388,
    "fields": {
        "code": 14,
        "status": 1,
        "patient": 14,
        "comment": null
    }
},
{
    "model": "patient.tooth",
    "pk": 389,
    "fields": {
        "code": 15,
        "status": 1,
        "patient": 14,
        "comment": null
    }
},
{
    "model": "patient.tooth",
    "pk": 390,
    "fields": {
        "code": 16,
        "status": 1,
        "patient": 14,
        "comment": null
    }
},
{
    "model": "patient.tooth",
    "pk": 391,
    "fields": {
        "code": 17,
        "status": 1,
        "patient": 14,
        "comment": null
    }
},
{
    "model": "patient.tooth",
    "pk": 392,
    "fields": {
        "code": 18,
        "status": 1,
        "patient": 14,
        "comment": null
    }
},
{
    "model": "patient.tooth",
    "pk": 393,
    "fields": {
        "code": 21,
        "status": 1,
        "patient": 14,
        "comment": null
    }
},
{
    "model": "patient.tooth",
    "pk": 394,
    "fields": {
        "code": 22,
        "status": 1,
        "patient": 14,
        "comment": null
    }
},
{
    "model": "patient.tooth",
    "pk": 395,
    "fields": {
        "code": 23,
        "status": 1,
        "patient": 14,
        "comment": null
    }
},
{
    "model": "patient.tooth",
    "pk": 396,
    "fields": {
        "code": 24,
        "status": 1,
        "patient": 14,
        "comment": null
    }
},
{
    "model": "patient.tooth",
    "pk": 397,
    "fields": {
        "code": 25,
        "status": 1,
        "patient": 14,
        "comment": null
    }
},
{
    "model": "patient.tooth",
    "pk": 398,
    "fields": {
        "code": 26,
        "status": 1,
        "patient": 14,
        "comment": null
    }
},
{
    "model": "patient.tooth",
    "pk": 399,
    "fields": {
        "code": 27,
        "status": 1,
        "patient": 14,
        "comment": null
    }
},
{
    "model": "patient.tooth",
    "pk": 400,
    "fields": {
        "code": 28,
        "status": 1,
        "patient": 14,
        "comment": null
    }
},
{
    "model": "patient.tooth",
    "pk": 401,
    "fields": {
        "code": 31,
        "status": 1,
        "patient": 14,
        "comment": null
    }
},
{
    "model": "patient.tooth",
    "pk": 402,
    "fields": {
        "code": 32,
        "status": 1,
        "patient": 14,
        "comment": null
    }
},
{
    "model": "patient.tooth",
    "pk": 403,
    "fields": {
        "code": 33,
        "status": 1,
        "patient": 14,
        "comment": null
    }
},
{
    "model": "patient.tooth",
    "pk": 404,
    "fields": {
        "code": 34,
        "status": 1,
        "patient": 14,
        "comment": null
    }
},
{
    "model": "patient.tooth",
    "pk": 405,
    "fields": {
        "code": 35,
        "status": 1,
        "patient": 14,
        "comment": null
    }
},
{
    "model": "patient.tooth",
    "pk": 406,
    "fields": {
        "code": 36,
        "status": 1,
        "patient": 14,
        "comment": null
    }
},
{
    "model": "patient.tooth",
    "pk": 407,
    "fields": {
        "code": 37,
        "status": 1,
        "patient": 14,
        "comment": null
    }
},
{
    "model": "patient.tooth",
    "pk": 408,
    "fields": {
        "code": 38,
        "status": 1,
        "patient": 14,
        "comment": null
    }
},
{
    "model": "patient.tooth",
    "pk": 409,
    "fields": {
        "code": 41,
        "status": 1,
        "patient": 14,
        "comment": null
    }
},
{
    "model": "patient.tooth",
    "pk": 410,
    "fields": {
        "code": 42,
        "status": 1,
        "patient": 14,
        "comment": null
    }
},
{
    "model": "patient.tooth",
    "pk": 411,
    "fields": {
        "code": 43,
        "status": 1,
        "patient": 14,
        "comment": null
    }
},
{
    "model": "patient.tooth",
    "pk": 412,
    "fields": {
        "code": 44,
        "status": 1,
        "patient": 14,
        "comment": null
    }
},
{
    "model": "patient.tooth",
    "pk": 413,
    "fields": {
        "code": 45,
        "status": 1,
        "patient": 14,
        "comment": null
    }
},
{
    "model": "patient.tooth",
    "pk": 414,
    "fields": {
        "code": 46,
        "status": 1,
        "patient": 14,
        "comment": null
    }
},
{
    "model": "patient.tooth",
    "pk": 415,
    "fields": {
        "code": 47,
        "status": 1,
        "patient": 14,
        "comment": null
    }
},
{
    "model": "patient.tooth",
    "pk": 416,
    "fields": {
        "code": 48,
        "status": 1,
        "patient": 14,
        "comment": null
    }
},
{
    "model": "patient.tooth",
    "pk": 417,
    "fields": {
        "code": 11,
        "status": 1,
        "patient": 15,
        "comment": null
    }
},
{
    "model": "patient.tooth",
    "pk": 418,
    "fields": {
        "code": 12,
        "status": 1,
        "patient": 15,
        "comment": null
    }
},
{
    "model": "patient.tooth",
    "pk": 419,
    "fields": {
        "code": 13,
        "status": 1,
        "patient": 15,
        "comment": null
    }
},
{
    "model": "patient.tooth",
    "pk": 420,
    "fields": {
        "code": 14,
        "status": 1,
        "patient": 15,
        "comment": null
    }
},
{
    "model": "patient.tooth",
    "pk": 421,
    "fields": {
        "code": 15,
        "status": 1,
        "patient": 15,
        "comment": null
    }
},
{
    "model": "patient.tooth",
    "pk": 422,
    "fields": {
        "code": 16,
        "status": 1,
        "patient": 15,
        "comment": null
    }
},
{
    "model": "patient.tooth",
    "pk": 423,
    "fields": {
        "code": 17,
        "status": 1,
        "patient": 15,
        "comment": null
    }
},
{
    "model": "patient.tooth",
    "pk": 424,
    "fields": {
        "code": 18,
        "status": 1,
        "patient": 15,
        "comment": null
    }
},
{
    "model": "patient.tooth",
    "pk": 425,
    "fields": {
        "code": 21,
        "status": 1,
        "patient": 15,
        "comment": null
    }
},
{
    "model": "patient.tooth",
    "pk": 426,
    "fields": {
        "code": 22,
        "status": 1,
        "patient": 15,
        "comment": null
    }
},
{
    "model": "patient.tooth",
    "pk": 427,
    "fields": {
        "code": 23,
        "status": 1,
        "patient": 15,
        "comment": null
    }
},
{
    "model": "patient.tooth",
    "pk": 428,
    "fields": {
        "code": 24,
        "status": 1,
        "patient": 15,
        "comment": null
    }
},
{
    "model": "patient.tooth",
    "pk": 429,
    "fields": {
        "code": 25,
        "status": 1,
        "patient": 15,
        "comment": null
    }
},
{
    "model": "patient.tooth",
    "pk": 430,
    "fields": {
        "code": 26,
        "status": 1,
        "patient": 15,
        "comment": null
    }
},
{
    "model": "patient.tooth",
    "pk": 431,
    "fields": {
        "code": 27,
        "status": 1,
        "patient": 15,
        "comment": null
    }
},
{
    "model": "patient.tooth",
    "pk": 432,
    "fields": {
        "code": 28,
        "status": 1,
        "patient": 15,
        "comment": null
    }
},
{
    "model": "patient.tooth",
    "pk": 433,
    "fields": {
        "code": 31,
        "status": 1,
        "patient": 15,
        "comment": null
    }
},
{
    "model": "patient.tooth",
    "pk": 434,
    "fields": {
        "code": 32,
        "status": 1,
        "patient": 15,
        "comment": null
    }
},
{
    "model": "patient.tooth",
    "pk": 435,
    "fields": {
        "code": 33,
        "status": 1,
        "patient": 15,
        "comment": null
    }
},
{
    "model": "patient.tooth",
    "pk": 436,
    "fields": {
        "code": 34,
        "status": 1,
        "patient": 15,
        "comment": null
    }
},
{
    "model": "patient.tooth",
    "pk": 437,
    "fields": {
        "code": 35,
        "status": 1,
        "patient": 15,
        "comment": null
    }
},
{
    "model": "patient.tooth",
    "pk": 438,
    "fields": {
        "code": 36,
        "status": 1,
        "patient": 15,
        "comment": null
    }
},
{
    "model": "patient.tooth",
    "pk": 439,
    "fields": {
        "code": 37,
        "status": 1,
        "patient": 15,
        "comment": null
    }
},
{
    "model": "patient.tooth",
    "pk": 440,
    "fields": {
        "code": 38,
        "status": 1,
        "patient": 15,
        "comment": null
    }
},
{
    "model": "patient.tooth",
    "pk": 441,
    "fields": {
        "code": 41,
        "status": 1,
        "patient": 15,
        "comment": null
    }
},
{
    "model": "patient.tooth",
    "pk": 442,
    "fields": {
        "code": 42,
        "status": 1,
        "patient": 15,
        "comment": null
    }
},
{
    "model": "patient.tooth",
    "pk": 443,
    "fields": {
        "code": 43,
        "status": 1,
        "patient": 15,
        "comment": null
    }
},
{
    "model": "patient.tooth",
    "pk": 444,
    "fields": {
        "code": 44,
        "status": 1,
        "patient": 15,
        "comment": null
    }
},
{
    "model": "patient.tooth",
    "pk": 445,
    "fields": {
        "code": 45,
        "status": 1,
        "patient": 15,
        "comment": null
    }
},
{
    "model": "patient.tooth",
    "pk": 446,
    "fields": {
        "code": 46,
        "status": 1,
        "patient": 15,
        "comment": null
    }
},
{
    "model": "patient.tooth",
    "pk": 447,
    "fields": {
        "code": 47,
        "status": 1,
        "patient": 15,
        "comment": null
    }
},
{
    "model": "patient.tooth",
    "pk": 448,
    "fields": {
        "code": 48,
        "status": 1,
        "patient": 15,
        "comment": null
    }
},
{
    "model": "patient.tooth",
    "pk": 449,
    "fields": {
        "code": 11,
        "status": 1,
        "patient": 16,
        "comment": null
    }
},
{
    "model": "patient.tooth",
    "pk": 450,
    "fields": {
        "code": 12,
        "status": 1,
        "patient": 16,
        "comment": null
    }
},
{
    "model": "patient.tooth",
    "pk": 451,
    "fields": {
        "code": 13,
        "status": 1,
        "patient": 16,
        "comment": null
    }
},
{
    "model": "patient.tooth",
    "pk": 452,
    "fields": {
        "code": 14,
        "status": 1,
        "patient": 16,
        "comment": null
    }
},
{
    "model": "patient.tooth",
    "pk": 453,
    "fields": {
        "code": 15,
        "status": 1,
        "patient": 16,
        "comment": null
    }
},
{
    "model": "patient.tooth",
    "pk": 454,
    "fields": {
        "code": 16,
        "status": 1,
        "patient": 16,
        "comment": null
    }
},
{
    "model": "patient.tooth",
    "pk": 455,
    "fields": {
        "code": 17,
        "status": 1,
        "patient": 16,
        "comment": null
    }
},
{
    "model": "patient.tooth",
    "pk": 456,
    "fields": {
        "code": 18,
        "status": 1,
        "patient": 16,
        "comment": null
    }
},
{
    "model": "patient.tooth",
    "pk": 457,
    "fields": {
        "code": 21,
        "status": 1,
        "patient": 16,
        "comment": null
    }
},
{
    "model": "patient.tooth",
    "pk": 458,
    "fields": {
        "code": 22,
        "status": 1,
        "patient": 16,
        "comment": null
    }
},
{
    "model": "patient.tooth",
    "pk": 459,
    "fields": {
        "code": 23,
        "status": 1,
        "patient": 16,
        "comment": null
    }
},
{
    "model": "patient.tooth",
    "pk": 460,
    "fields": {
        "code": 24,
        "status": 1,
        "patient": 16,
        "comment": null
    }
},
{
    "model": "patient.tooth",
    "pk": 461,
    "fields": {
        "code": 25,
        "status": 1,
        "patient": 16,
        "comment": null
    }
},
{
    "model": "patient.tooth",
    "pk": 462,
    "fields": {
        "code": 26,
        "status": 1,
        "patient": 16,
        "comment": null
    }
},
{
    "model": "patient.tooth",
    "pk": 463,
    "fields": {
        "code": 27,
        "status": 1,
        "patient": 16,
        "comment": null
    }
},
{
    "model": "patient.tooth",
    "pk": 464,
    "fields": {
        "code": 28,
        "status": 1,
        "patient": 16,
        "comment": null
    }
},
{
    "model": "patient.tooth",
    "pk": 465,
    "fields": {
        "code": 31,
        "status": 1,
        "patient": 16,
        "comment": null
    }
},
{
    "model": "patient.tooth",
    "pk": 466,
    "fields": {
        "code": 32,
        "status": 1,
        "patient": 16,
        "comment": null
    }
},
{
    "model": "patient.tooth",
    "pk": 467,
    "fields": {
        "code": 33,
        "status": 1,
        "patient": 16,
        "comment": null
    }
},
{
    "model": "patient.tooth",
    "pk": 468,
    "fields": {
        "code": 34,
        "status": 1,
        "patient": 16,
        "comment": null
    }
},
{
    "model": "patient.tooth",
    "pk": 469,
    "fields": {
        "code": 35,
        "status": 1,
        "patient": 16,
        "comment": null
    }
},
{
    "model": "patient.tooth",
    "pk": 470,
    "fields": {
        "code": 36,
        "status": 1,
        "patient": 16,
        "comment": null
    }
},
{
    "model": "patient.tooth",
    "pk": 471,
    "fields": {
        "code": 37,
        "status": 1,
        "patient": 16,
        "comment": null
    }
},
{
    "model": "patient.tooth",
    "pk": 472,
    "fields": {
        "code": 38,
        "status": 1,
        "patient": 16,
        "comment": null
    }
},
{
    "model": "patient.tooth",
    "pk": 473,
    "fields": {
        "code": 41,
        "status": 1,
        "patient": 16,
        "comment": null
    }
},
{
    "model": "patient.tooth",
    "pk": 474,
    "fields": {
        "code": 42,
        "status": 1,
        "patient": 16,
        "comment": null
    }
},
{
    "model": "patient.tooth",
    "pk": 475,
    "fields": {
        "code": 43,
        "status": 1,
        "patient": 16,
        "comment": null
    }
},
{
    "model": "patient.tooth",
    "pk": 476,
    "fields": {
        "code": 44,
        "status": 1,
        "patient": 16,
        "comment": null
    }
},
{
    "model": "patient.tooth",
    "pk": 477,
    "fields": {
        "code": 45,
        "status": 1,
        "patient": 16,
        "comment": null
    }
},
{
    "model": "patient.tooth",
    "pk": 478,
    "fields": {
        "code": 46,
        "status": 1,
        "patient": 16,
        "comment": null
    }
},
{
    "model": "patient.tooth",
    "pk": 479,
    "fields": {
        "code": 47,
        "status": 1,
        "patient": 16,
        "comment": null
    }
},
{
    "model": "patient.tooth",
    "pk": 480,
    "fields": {
        "code": 48,
        "status": 1,
        "patient": 16,
        "comment": null
    }
},
{
    "model": "patient.tooth",
    "pk": 481,
    "fields": {
        "code": 11,
        "status": 1,
        "patient": 17,
        "comment": null
    }
},
{
    "model": "patient.tooth",
    "pk": 482,
    "fields": {
        "code": 12,
        "status": 1,
        "patient": 17,
        "comment": null
    }
},
{
    "model": "patient.tooth",
    "pk": 483,
    "fields": {
        "code": 13,
        "status": 1,
        "patient": 17,
        "comment": null
    }
},
{
    "model": "patient.tooth",
    "pk": 484,
    "fields": {
        "code": 14,
        "status": 1,
        "patient": 17,
        "comment": null
    }
},
{
    "model": "patient.tooth",
    "pk": 485,
    "fields": {
        "code": 15,
        "status": 1,
        "patient": 17,
        "comment": null
    }
},
{
    "model": "patient.tooth",
    "pk": 486,
    "fields": {
        "code": 16,
        "status": 1,
        "patient": 17,
        "comment": null
    }
},
{
    "model": "patient.tooth",
    "pk": 487,
    "fields": {
        "code": 17,
        "status": 1,
        "patient": 17,
        "comment": null
    }
},
{
    "model": "patient.tooth",
    "pk": 488,
    "fields": {
        "code": 18,
        "status": 1,
        "patient": 17,
        "comment": null
    }
},
{
    "model": "patient.tooth",
    "pk": 489,
    "fields": {
        "code": 21,
        "status": 1,
        "patient": 17,
        "comment": null
    }
},
{
    "model": "patient.tooth",
    "pk": 490,
    "fields": {
        "code": 22,
        "status": 1,
        "patient": 17,
        "comment": null
    }
},
{
    "model": "patient.tooth",
    "pk": 491,
    "fields": {
        "code": 23,
        "status": 1,
        "patient": 17,
        "comment": null
    }
},
{
    "model": "patient.tooth",
    "pk": 492,
    "fields": {
        "code": 24,
        "status": 1,
        "patient": 17,
        "comment": null
    }
},
{
    "model": "patient.tooth",
    "pk": 493,
    "fields": {
        "code": 25,
        "status": 1,
        "patient": 17,
        "comment": null
    }
},
{
    "model": "patient.tooth",
    "pk": 494,
    "fields": {
        "code": 26,
        "status": 1,
        "patient": 17,
        "comment": null
    }
},
{
    "model": "patient.tooth",
    "pk": 495,
    "fields": {
        "code": 27,
        "status": 1,
        "patient": 17,
        "comment": null
    }
},
{
    "model": "patient.tooth",
    "pk": 496,
    "fields": {
        "code": 28,
        "status": 1,
        "patient": 17,
        "comment": null
    }
},
{
    "model": "patient.tooth",
    "pk": 497,
    "fields": {
        "code": 31,
        "status": 1,
        "patient": 17,
        "comment": null
    }
},
{
    "model": "patient.tooth",
    "pk": 498,
    "fields": {
        "code": 32,
        "status": 1,
        "patient": 17,
        "comment": null
    }
},
{
    "model": "patient.tooth",
    "pk": 499,
    "fields": {
        "code": 33,
        "status": 1,
        "patient": 17,
        "comment": null
    }
},
{
    "model": "patient.tooth",
    "pk": 500,
    "fields": {
        "code": 34,
        "status": 1,
        "patient": 17,
        "comment": null
    }
},
{
    "model": "patient.tooth",
    "pk": 501,
    "fields": {
        "code": 35,
        "status": 1,
        "patient": 17,
        "comment": null
    }
},
{
    "model": "patient.tooth",
    "pk": 502,
    "fields": {
        "code": 36,
        "status": 1,
        "patient": 17,
        "comment": null
    }
},
{
    "model": "patient.tooth",
    "pk": 503,
    "fields": {
        "code": 37,
        "status": 1,
        "patient": 17,
        "comment": null
    }
},
{
    "model": "patient.tooth",
    "pk": 504,
    "fields": {
        "code": 38,
        "status": 1,
        "patient": 17,
        "comment": null
    }
},
{
    "model": "patient.tooth",
    "pk": 505,
    "fields": {
        "code": 41,
        "status": 1,
        "patient": 17,
        "comment": null
    }
},
{
    "model": "patient.tooth",
    "pk": 506,
    "fields": {
        "code": 42,
        "status": 1,
        "patient": 17,
        "comment": null
    }
},
{
    "model": "patient.tooth",
    "pk": 507,
    "fields": {
        "code": 43,
        "status": 1,
        "patient": 17,
        "comment": null
    }
},
{
    "model": "patient.tooth",
    "pk": 508,
    "fields": {
        "code": 44,
        "status": 1,
        "patient": 17,
        "comment": null
    }
},
{
    "model": "patient.tooth",
    "pk": 509,
    "fields": {
        "code": 45,
        "status": 1,
        "patient": 17,
        "comment": null
    }
},
{
    "model": "patient.tooth",
    "pk": 510,
    "fields": {
        "code": 46,
        "status": 1,
        "patient": 17,
        "comment": null
    }
},
{
    "model": "patient.tooth",
    "pk": 511,
    "fields": {
        "code": 47,
        "status": 1,
        "patient": 17,
        "comment": null
    }
},
{
    "model": "patient.tooth",
    "pk": 512,
    "fields": {
        "code": 48,
        "status": 1,
        "patient": 17,
        "comment": null
    }
},
{
    "model": "patient.tooth",
    "pk": 513,
    "fields": {
        "code": 11,
        "status": 1,
        "patient": 18,
        "comment": null
    }
},
{
    "model": "patient.tooth",
    "pk": 514,
    "fields": {
        "code": 12,
        "status": 1,
        "patient": 18,
        "comment": null
    }
},
{
    "model": "patient.tooth",
    "pk": 515,
    "fields": {
        "code": 13,
        "status": 1,
        "patient": 18,
        "comment": null
    }
},
{
    "model": "patient.tooth",
    "pk": 516,
    "fields": {
        "code": 14,
        "status": 1,
        "patient": 18,
        "comment": null
    }
},
{
    "model": "patient.tooth",
    "pk": 517,
    "fields": {
        "code": 15,
        "status": 1,
        "patient": 18,
        "comment": null
    }
},
{
    "model": "patient.tooth",
    "pk": 518,
    "fields": {
        "code": 16,
        "status": 1,
        "patient": 18,
        "comment": null
    }
},
{
    "model": "patient.tooth",
    "pk": 519,
    "fields": {
        "code": 17,
        "status": 1,
        "patient": 18,
        "comment": null
    }
},
{
    "model": "patient.tooth",
    "pk": 520,
    "fields": {
        "code": 18,
        "status": 1,
        "patient": 18,
        "comment": null
    }
},
{
    "model": "patient.tooth",
    "pk": 521,
    "fields": {
        "code": 21,
        "status": 1,
        "patient": 18,
        "comment": null
    }
},
{
    "model": "patient.tooth",
    "pk": 522,
    "fields": {
        "code": 22,
        "status": 1,
        "patient": 18,
        "comment": null
    }
},
{
    "model": "patient.tooth",
    "pk": 523,
    "fields": {
        "code": 23,
        "status": 1,
        "patient": 18,
        "comment": null
    }
},
{
    "model": "patient.tooth",
    "pk": 524,
    "fields": {
        "code": 24,
        "status": 1,
        "patient": 18,
        "comment": null
    }
},
{
    "model": "patient.tooth",
    "pk": 525,
    "fields": {
        "code": 25,
        "status": 1,
        "patient": 18,
        "comment": null
    }
},
{
    "model": "patient.tooth",
    "pk": 526,
    "fields": {
        "code": 26,
        "status": 1,
        "patient": 18,
        "comment": null
    }
},
{
    "model": "patient.tooth",
    "pk": 527,
    "fields": {
        "code": 27,
        "status": 1,
        "patient": 18,
        "comment": null
    }
},
{
    "model": "patient.tooth",
    "pk": 528,
    "fields": {
        "code": 28,
        "status": 1,
        "patient": 18,
        "comment": null
    }
},
{
    "model": "patient.tooth",
    "pk": 529,
    "fields": {
        "code": 31,
        "status": 1,
        "patient": 18,
        "comment": null
    }
},
{
    "model": "patient.tooth",
    "pk": 530,
    "fields": {
        "code": 32,
        "status": 1,
        "patient": 18,
        "comment": null
    }
},
{
    "model": "patient.tooth",
    "pk": 531,
    "fields": {
        "code": 33,
        "status": 1,
        "patient": 18,
        "comment": null
    }
},
{
    "model": "patient.tooth",
    "pk": 532,
    "fields": {
        "code": 34,
        "status": 1,
        "patient": 18,
        "comment": null
    }
},
{
    "model": "patient.tooth",
    "pk": 533,
    "fields": {
        "code": 35,
        "status": 1,
        "patient": 18,
        "comment": null
    }
},
{
    "model": "patient.tooth",
    "pk": 534,
    "fields": {
        "code": 36,
        "status": 1,
        "patient": 18,
        "comment": null
    }
},
{
    "model": "patient.tooth",
    "pk": 535,
    "fields": {
        "code": 37,
        "status": 1,
        "patient": 18,
        "comment": null
    }
},
{
    "model": "patient.tooth",
    "pk": 536,
    "fields": {
        "code": 38,
        "status": 1,
        "patient": 18,
        "comment": null
    }
},
{
    "model": "patient.tooth",
    "pk": 537,
    "fields": {
        "code": 41,
        "status": 1,
        "patient": 18,
        "comment": null
    }
},
{
    "model": "patient.tooth",
    "pk": 538,
    "fields": {
        "code": 42,
        "status": 1,
        "patient": 18,
        "comment": null
    }
},
{
    "model": "patient.tooth",
    "pk": 539,
    "fields": {
        "code": 43,
        "status": 1,
        "patient": 18,
        "comment": null
    }
},
{
    "model": "patient.tooth",
    "pk": 540,
    "fields": {
        "code": 44,
        "status": 1,
        "patient": 18,
        "comment": null
    }
},
{
    "model": "patient.tooth",
    "pk": 541,
    "fields": {
        "code": 45,
        "status": 1,
        "patient": 18,
        "comment": null
    }
},
{
    "model": "patient.tooth",
    "pk": 542,
    "fields": {
        "code": 46,
        "status": 1,
        "patient": 18,
        "comment": null
    }
},
{
    "model": "patient.tooth",
    "pk": 543,
    "fields": {
        "code": 47,
        "status": 1,
        "patient": 18,
        "comment": null
    }
},
{
    "model": "patient.tooth",
    "pk": 544,
    "fields": {
        "code": 48,
        "status": 1,
        "patient": 18,
        "comment": null
    }
},
{
    "model": "patient.tooth",
    "pk": 545,
    "fields": {
        "code": 11,
        "status": 1,
        "patient": 19,
        "comment": null
    }
},
{
    "model": "patient.tooth",
    "pk": 546,
    "fields": {
        "code": 12,
        "status": 1,
        "patient": 19,
        "comment": null
    }
},
{
    "model": "patient.tooth",
    "pk": 547,
    "fields": {
        "code": 13,
        "status": 1,
        "patient": 19,
        "comment": null
    }
},
{
    "model": "patient.tooth",
    "pk": 548,
    "fields": {
        "code": 14,
        "status": 1,
        "patient": 19,
        "comment": null
    }
},
{
    "model": "patient.tooth",
    "pk": 549,
    "fields": {
        "code": 15,
        "status": 1,
        "patient": 19,
        "comment": null
    }
},
{
    "model": "patient.tooth",
    "pk": 550,
    "fields": {
        "code": 16,
        "status": 1,
        "patient": 19,
        "comment": null
    }
},
{
    "model": "patient.tooth",
    "pk": 551,
    "fields": {
        "code": 17,
        "status": 1,
        "patient": 19,
        "comment": null
    }
},
{
    "model": "patient.tooth",
    "pk": 552,
    "fields": {
        "code": 18,
        "status": 1,
        "patient": 19,
        "comment": null
    }
},
{
    "model": "patient.tooth",
    "pk": 553,
    "fields": {
        "code": 21,
        "status": 1,
        "patient": 19,
        "comment": null
    }
},
{
    "model": "patient.tooth",
    "pk": 554,
    "fields": {
        "code": 22,
        "status": 1,
        "patient": 19,
        "comment": null
    }
},
{
    "model": "patient.tooth",
    "pk": 555,
    "fields": {
        "code": 23,
        "status": 1,
        "patient": 19,
        "comment": null
    }
},
{
    "model": "patient.tooth",
    "pk": 556,
    "fields": {
        "code": 24,
        "status": 1,
        "patient": 19,
        "comment": null
    }
},
{
    "model": "patient.tooth",
    "pk": 557,
    "fields": {
        "code": 25,
        "status": 1,
        "patient": 19,
        "comment": null
    }
},
{
    "model": "patient.tooth",
    "pk": 558,
    "fields": {
        "code": 26,
        "status": 1,
        "patient": 19,
        "comment": null
    }
},
{
    "model": "patient.tooth",
    "pk": 559,
    "fields": {
        "code": 27,
        "status": 1,
        "patient": 19,
        "comment": null
    }
},
{
    "model": "patient.tooth",
    "pk": 560,
    "fields": {
        "code": 28,
        "status": 1,
        "patient": 19,
        "comment": null
    }
},
{
    "model": "patient.tooth",
    "pk": 561,
    "fields": {
        "code": 31,
        "status": 1,
        "patient": 19,
        "comment": null
    }
},
{
    "model": "patient.tooth",
    "pk": 562,
    "fields": {
        "code": 32,
        "status": 1,
        "patient": 19,
        "comment": null
    }
},
{
    "model": "patient.tooth",
    "pk": 563,
    "fields": {
        "code": 33,
        "status": 1,
        "patient": 19,
        "comment": null
    }
},
{
    "model": "patient.tooth",
    "pk": 564,
    "fields": {
        "code": 34,
        "status": 1,
        "patient": 19,
        "comment": null
    }
},
{
    "model": "patient.tooth",
    "pk": 565,
    "fields": {
        "code": 35,
        "status": 1,
        "patient": 19,
        "comment": null
    }
},
{
    "model": "patient.tooth",
    "pk": 566,
    "fields": {
        "code": 36,
        "status": 1,
        "patient": 19,
        "comment": null
    }
},
{
    "model": "patient.tooth",
    "pk": 567,
    "fields": {
        "code": 37,
        "status": 1,
        "patient": 19,
        "comment": null
    }
},
{
    "model": "patient.tooth",
    "pk": 568,
    "fields": {
        "code": 38,
        "status": 1,
        "patient": 19,
        "comment": null
    }
},
{
    "model": "patient.tooth",
    "pk": 569,
    "fields": {
        "code": 41,
        "status": 1,
        "patient": 19,
        "comment": null
    }
},
{
    "model": "patient.tooth",
    "pk": 570,
    "fields": {
        "code": 42,
        "status": 1,
        "patient": 19,
        "comment": null
    }
},
{
    "model": "patient.tooth",
    "pk": 571,
    "fields": {
        "code": 43,
        "status": 1,
        "patient": 19,
        "comment": null
    }
},
{
    "model": "patient.tooth",
    "pk": 572,
    "fields": {
        "code": 44,
        "status": 1,
        "patient": 19,
        "comment": null
    }
},
{
    "model": "patient.tooth",
    "pk": 573,
    "fields": {
        "code": 45,
        "status": 1,
        "patient": 19,
        "comment": null
    }
},
{
    "model": "patient.tooth",
    "pk": 574,
    "fields": {
        "code": 46,
        "status": 1,
        "patient": 19,
        "comment": null
    }
},
{
    "model": "patient.tooth",
    "pk": 575,
    "fields": {
        "code": 47,
        "status": 1,
        "patient": 19,
        "comment": null
    }
},
{
    "model": "patient.tooth",
    "pk": 576,
    "fields": {
        "code": 48,
        "status": 1,
        "patient": 19,
        "comment": null
    }
},
{
    "model": "patient.tooth",
    "pk": 577,
    "fields": {
        "code": 11,
        "status": 1,
        "patient": 20,
        "comment": null
    }
},
{
    "model": "patient.tooth",
    "pk": 578,
    "fields": {
        "code": 12,
        "status": 1,
        "patient": 20,
        "comment": null
    }
},
{
    "model": "patient.tooth",
    "pk": 579,
    "fields": {
        "code": 13,
        "status": 1,
        "patient": 20,
        "comment": null
    }
},
{
    "model": "patient.tooth",
    "pk": 580,
    "fields": {
        "code": 14,
        "status": 1,
        "patient": 20,
        "comment": null
    }
},
{
    "model": "patient.tooth",
    "pk": 581,
    "fields": {
        "code": 15,
        "status": 1,
        "patient": 20,
        "comment": null
    }
},
{
    "model": "patient.tooth",
    "pk": 582,
    "fields": {
        "code": 16,
        "status": 1,
        "patient": 20,
        "comment": null
    }
},
{
    "model": "patient.tooth",
    "pk": 583,
    "fields": {
        "code": 17,
        "status": 1,
        "patient": 20,
        "comment": null
    }
},
{
    "model": "patient.tooth",
    "pk": 584,
    "fields": {
        "code": 18,
        "status": 1,
        "patient": 20,
        "comment": null
    }
},
{
    "model": "patient.tooth",
    "pk": 585,
    "fields": {
        "code": 21,
        "status": 1,
        "patient": 20,
        "comment": null
    }
},
{
    "model": "patient.tooth",
    "pk": 586,
    "fields": {
        "code": 22,
        "status": 1,
        "patient": 20,
        "comment": null
    }
},
{
    "model": "patient.tooth",
    "pk": 587,
    "fields": {
        "code": 23,
        "status": 1,
        "patient": 20,
        "comment": null
    }
},
{
    "model": "patient.tooth",
    "pk": 588,
    "fields": {
        "code": 24,
        "status": 1,
        "patient": 20,
        "comment": null
    }
},
{
    "model": "patient.tooth",
    "pk": 589,
    "fields": {
        "code": 25,
        "status": 1,
        "patient": 20,
        "comment": null
    }
},
{
    "model": "patient.tooth",
    "pk": 590,
    "fields": {
        "code": 26,
        "status": 1,
        "patient": 20,
        "comment": null
    }
},
{
    "model": "patient.tooth",
    "pk": 591,
    "fields": {
        "code": 27,
        "status": 1,
        "patient": 20,
        "comment": null
    }
},
{
    "model": "patient.tooth",
    "pk": 592,
    "fields": {
        "code": 28,
        "status": 1,
        "patient": 20,
        "comment": null
    }
},
{
    "model": "patient.tooth",
    "pk": 593,
    "fields": {
        "code": 31,
        "status": 1,
        "patient": 20,
        "comment": null
    }
},
{
    "model": "patient.tooth",
    "pk": 594,
    "fields": {
        "code": 32,
        "status": 1,
        "patient": 20,
        "comment": null
    }
},
{
    "model": "patient.tooth",
    "pk": 595,
    "fields": {
        "code": 33,
        "status": 1,
        "patient": 20,
        "comment": null
    }
},
{
    "model": "patient.tooth",
    "pk": 596,
    "fields": {
        "code": 34,
        "status": 1,
        "patient": 20,
        "comment": null
    }
},
{
    "model": "patient.tooth",
    "pk": 597,
    "fields": {
        "code": 35,
        "status": 1,
        "patient": 20,
        "comment": null
    }
},
{
    "model": "patient.tooth",
    "pk": 598,
    "fields": {
        "code": 36,
        "status": 1,
        "patient": 20,
        "comment": null
    }
},
{
    "model": "patient.tooth",
    "pk": 599,
    "fields": {
        "code": 37,
        "status": 1,
        "patient": 20,
        "comment": null
    }
},
{
    "model": "patient.tooth",
    "pk": 600,
    "fields": {
        "code": 38,
        "status": 1,
        "patient": 20,
        "comment": null
    }
},
{
    "model": "patient.tooth",
    "pk": 601,
    "fields": {
        "code": 41,
        "status": 1,
        "patient": 20,
        "comment": null
    }
},
{
    "model": "patient.tooth",
    "pk": 602,
    "fields": {
        "code": 42,
        "status": 1,
        "patient": 20,
        "comment": null
    }
},
{
    "model": "patient.tooth",
    "pk": 603,
    "fields": {
        "code": 43,
        "status": 1,
        "patient": 20,
        "comment": null
    }
},
{
    "model": "patient.tooth",
    "pk": 604,
    "fields": {
        "code": 44,
        "status": 1,
        "patient": 20,
        "comment": null
    }
},
{
    "model": "patient.tooth",
    "pk": 605,
    "fields": {
        "code": 45,
        "status": 1,
        "patient": 20,
        "comment": null
    }
},
{
    "model": "patient.tooth",
    "pk": 606,
    "fields": {
        "code": 46,
        "status": 1,
        "patient": 20,
        "comment": null
    }
},
{
    "model": "patient.tooth",
    "pk": 607,
    "fields": {
        "code": 47,
        "status": 1,
        "patient": 20,
        "comment": null
    }
},
{
    "model": "patient.tooth",
    "pk": 608,
    "fields": {
        "code": 48,
        "status": 1,
        "patient": 20,
        "comment": null
    }
},
{
    "model": "patient.tooth",
    "pk": 609,
    "fields": {
        "code": 11,
        "status": 1,
        "patient": 21,
        "comment": null
    }
},
{
    "model": "patient.tooth",
    "pk": 610,
    "fields": {
        "code": 12,
        "status": 1,
        "patient": 21,
        "comment": null
    }
},
{
    "model": "patient.tooth",
    "pk": 611,
    "fields": {
        "code": 13,
        "status": 1,
        "patient": 21,
        "comment": null
    }
},
{
    "model": "patient.tooth",
    "pk": 612,
    "fields": {
        "code": 14,
        "status": 1,
        "patient": 21,
        "comment": null
    }
},
{
    "model": "patient.tooth",
    "pk": 613,
    "fields": {
        "code": 15,
        "status": 1,
        "patient": 21,
        "comment": null
    }
},
{
    "model": "patient.tooth",
    "pk": 614,
    "fields": {
        "code": 16,
        "status": 1,
        "patient": 21,
        "comment": null
    }
},
{
    "model": "patient.tooth",
    "pk": 615,
    "fields": {
        "code": 17,
        "status": 1,
        "patient": 21,
        "comment": null
    }
},
{
    "model": "patient.tooth",
    "pk": 616,
    "fields": {
        "code": 18,
        "status": 1,
        "patient": 21,
        "comment": null
    }
},
{
    "model": "patient.tooth",
    "pk": 617,
    "fields": {
        "code": 21,
        "status": 1,
        "patient": 21,
        "comment": null
    }
},
{
    "model": "patient.tooth",
    "pk": 618,
    "fields": {
        "code": 22,
        "status": 1,
        "patient": 21,
        "comment": null
    }
},
{
    "model": "patient.tooth",
    "pk": 619,
    "fields": {
        "code": 23,
        "status": 1,
        "patient": 21,
        "comment": null
    }
},
{
    "model": "patient.tooth",
    "pk": 620,
    "fields": {
        "code": 24,
        "status": 1,
        "patient": 21,
        "comment": null
    }
},
{
    "model": "patient.tooth",
    "pk": 621,
    "fields": {
        "code": 25,
        "status": 1,
        "patient": 21,
        "comment": null
    }
},
{
    "model": "patient.tooth",
    "pk": 622,
    "fields": {
        "code": 26,
        "status": 1,
        "patient": 21,
        "comment": null
    }
},
{
    "model": "patient.tooth",
    "pk": 623,
    "fields": {
        "code": 27,
        "status": 1,
        "patient": 21,
        "comment": null
    }
},
{
    "model": "patient.tooth",
    "pk": 624,
    "fields": {
        "code": 28,
        "status": 1,
        "patient": 21,
        "comment": null
    }
},
{
    "model": "patient.tooth",
    "pk": 625,
    "fields": {
        "code": 31,
        "status": 1,
        "patient": 21,
        "comment": null
    }
},
{
    "model": "patient.tooth",
    "pk": 626,
    "fields": {
        "code": 32,
        "status": 1,
        "patient": 21,
        "comment": null
    }
},
{
    "model": "patient.tooth",
    "pk": 627,
    "fields": {
        "code": 33,
        "status": 1,
        "patient": 21,
        "comment": null
    }
},
{
    "model": "patient.tooth",
    "pk": 628,
    "fields": {
        "code": 34,
        "status": 1,
        "patient": 21,
        "comment": null
    }
},
{
    "model": "patient.tooth",
    "pk": 629,
    "fields": {
        "code": 35,
        "status": 1,
        "patient": 21,
        "comment": null
    }
},
{
    "model": "patient.tooth",
    "pk": 630,
    "fields": {
        "code": 36,
        "status": 1,
        "patient": 21,
        "comment": null
    }
},
{
    "model": "patient.tooth",
    "pk": 631,
    "fields": {
        "code": 37,
        "status": 1,
        "patient": 21,
        "comment": null
    }
},
{
    "model": "patient.tooth",
    "pk": 632,
    "fields": {
        "code": 38,
        "status": 1,
        "patient": 21,
        "comment": null
    }
},
{
    "model": "patient.tooth",
    "pk": 633,
    "fields": {
        "code": 41,
        "status": 1,
        "patient": 21,
        "comment": null
    }
},
{
    "model": "patient.tooth",
    "pk": 634,
    "fields": {
        "code": 42,
        "status": 1,
        "patient": 21,
        "comment": null
    }
},
{
    "model": "patient.tooth",
    "pk": 635,
    "fields": {
        "code": 43,
        "status": 1,
        "patient": 21,
        "comment": null
    }
},
{
    "model": "patient.tooth",
    "pk": 636,
    "fields": {
        "code": 44,
        "status": 1,
        "patient": 21,
        "comment": null
    }
},
{
    "model": "patient.tooth",
    "pk": 637,
    "fields": {
        "code": 45,
        "status": 1,
        "patient": 21,
        "comment": null
    }
},
{
    "model": "patient.tooth",
    "pk": 638,
    "fields": {
        "code": 46,
        "status": 1,
        "patient": 21,
        "comment": null
    }
},
{
    "model": "patient.tooth",
    "pk": 639,
    "fields": {
        "code": 47,
        "status": 1,
        "patient": 21,
        "comment": null
    }
},
{
    "model": "patient.tooth",
    "pk": 640,
    "fields": {
        "code": 48,
        "status": 1,
        "patient": 21,
        "comment": null
    }
},
{
    "model": "patient.tooth",
    "pk": 641,
    "fields": {
        "code": 11,
        "status": 1,
        "patient": 22,
        "comment": null
    }
},
{
    "model": "patient.tooth",
    "pk": 642,
    "fields": {
        "code": 12,
        "status": 1,
        "patient": 22,
        "comment": null
    }
},
{
    "model": "patient.tooth",
    "pk": 643,
    "fields": {
        "code": 13,
        "status": 1,
        "patient": 22,
        "comment": null
    }
},
{
    "model": "patient.tooth",
    "pk": 644,
    "fields": {
        "code": 14,
        "status": 1,
        "patient": 22,
        "comment": null
    }
},
{
    "model": "patient.tooth",
    "pk": 645,
    "fields": {
        "code": 15,
        "status": 1,
        "patient": 22,
        "comment": null
    }
},
{
    "model": "patient.tooth",
    "pk": 646,
    "fields": {
        "code": 16,
        "status": 1,
        "patient": 22,
        "comment": null
    }
},
{
    "model": "patient.tooth",
    "pk": 647,
    "fields": {
        "code": 17,
        "status": 1,
        "patient": 22,
        "comment": null
    }
},
{
    "model": "patient.tooth",
    "pk": 648,
    "fields": {
        "code": 18,
        "status": 1,
        "patient": 22,
        "comment": null
    }
},
{
    "model": "patient.tooth",
    "pk": 649,
    "fields": {
        "code": 21,
        "status": 1,
        "patient": 22,
        "comment": null
    }
},
{
    "model": "patient.tooth",
    "pk": 650,
    "fields": {
        "code": 22,
        "status": 1,
        "patient": 22,
        "comment": null
    }
},
{
    "model": "patient.tooth",
    "pk": 651,
    "fields": {
        "code": 23,
        "status": 1,
        "patient": 22,
        "comment": null
    }
},
{
    "model": "patient.tooth",
    "pk": 652,
    "fields": {
        "code": 24,
        "status": 1,
        "patient": 22,
        "comment": null
    }
},
{
    "model": "patient.tooth",
    "pk": 653,
    "fields": {
        "code": 25,
        "status": 1,
        "patient": 22,
        "comment": null
    }
},
{
    "model": "patient.tooth",
    "pk": 654,
    "fields": {
        "code": 26,
        "status": 1,
        "patient": 22,
        "comment": null
    }
},
{
    "model": "patient.tooth",
    "pk": 655,
    "fields": {
        "code": 27,
        "status": 1,
        "patient": 22,
        "comment": null
    }
},
{
    "model": "patient.tooth",
    "pk": 656,
    "fields": {
        "code": 28,
        "status": 1,
        "patient": 22,
        "comment": null
    }
},
{
    "model": "patient.tooth",
    "pk": 657,
    "fields": {
        "code": 31,
        "status": 1,
        "patient": 22,
        "comment": null
    }
},
{
    "model": "patient.tooth",
    "pk": 658,
    "fields": {
        "code": 32,
        "status": 1,
        "patient": 22,
        "comment": null
    }
},
{
    "model": "patient.tooth",
    "pk": 659,
    "fields": {
        "code": 33,
        "status": 1,
        "patient": 22,
        "comment": null
    }
},
{
    "model": "patient.tooth",
    "pk": 660,
    "fields": {
        "code": 34,
        "status": 1,
        "patient": 22,
        "comment": null
    }
},
{
    "model": "patient.tooth",
    "pk": 661,
    "fields": {
        "code": 35,
        "status": 1,
        "patient": 22,
        "comment": null
    }
},
{
    "model": "patient.tooth",
    "pk": 662,
    "fields": {
        "code": 36,
        "status": 1,
        "patient": 22,
        "comment": null
    }
},
{
    "model": "patient.tooth",
    "pk": 663,
    "fields": {
        "code": 37,
        "status": 1,
        "patient": 22,
        "comment": null
    }
},
{
    "model": "patient.tooth",
    "pk": 664,
    "fields": {
        "code": 38,
        "status": 1,
        "patient": 22,
        "comment": null
    }
},
{
    "model": "patient.tooth",
    "pk": 665,
    "fields": {
        "code": 41,
        "status": 1,
        "patient": 22,
        "comment": null
    }
},
{
    "model": "patient.tooth",
    "pk": 666,
    "fields": {
        "code": 42,
        "status": 1,
        "patient": 22,
        "comment": null
    }
},
{
    "model": "patient.tooth",
    "pk": 667,
    "fields": {
        "code": 43,
        "status": 1,
        "patient": 22,
        "comment": null
    }
},
{
    "model": "patient.tooth",
    "pk": 668,
    "fields": {
        "code": 44,
        "status": 1,
        "patient": 22,
        "comment": null
    }
},
{
    "model": "patient.tooth",
    "pk": 669,
    "fields": {
        "code": 45,
        "status": 1,
        "patient": 22,
        "comment": null
    }
},
{
    "model": "patient.tooth",
    "pk": 670,
    "fields": {
        "code": 46,
        "status": 1,
        "patient": 22,
        "comment": null
    }
},
{
    "model": "patient.tooth",
    "pk": 671,
    "fields": {
        "code": 47,
        "status": 1,
        "patient": 22,
        "comment": null
    }
},
{
    "model": "patient.tooth",
    "pk": 672,
    "fields": {
        "code": 48,
        "status": 1,
        "patient": 22,
        "comment": null
    }
},
{
    "model": "patient.tooth",
    "pk": 673,
    "fields": {
        "code": 11,
        "status": 1,
        "patient": 23,
        "comment": null
    }
},
{
    "model": "patient.tooth",
    "pk": 674,
    "fields": {
        "code": 12,
        "status": 1,
        "patient": 23,
        "comment": null
    }
},
{
    "model": "patient.tooth",
    "pk": 675,
    "fields": {
        "code": 13,
        "status": 1,
        "patient": 23,
        "comment": null
    }
},
{
    "model": "patient.tooth",
    "pk": 676,
    "fields": {
        "code": 14,
        "status": 1,
        "patient": 23,
        "comment": null
    }
},
{
    "model": "patient.tooth",
    "pk": 677,
    "fields": {
        "code": 15,
        "status": 1,
        "patient": 23,
        "comment": null
    }
},
{
    "model": "patient.tooth",
    "pk": 678,
    "fields": {
        "code": 16,
        "status": 1,
        "patient": 23,
        "comment": null
    }
},
{
    "model": "patient.tooth",
    "pk": 679,
    "fields": {
        "code": 17,
        "status": 1,
        "patient": 23,
        "comment": null
    }
},
{
    "model": "patient.tooth",
    "pk": 680,
    "fields": {
        "code": 18,
        "status": 1,
        "patient": 23,
        "comment": null
    }
},
{
    "model": "patient.tooth",
    "pk": 681,
    "fields": {
        "code": 21,
        "status": 1,
        "patient": 23,
        "comment": null
    }
},
{
    "model": "patient.tooth",
    "pk": 682,
    "fields": {
        "code": 22,
        "status": 1,
        "patient": 23,
        "comment": null
    }
},
{
    "model": "patient.tooth",
    "pk": 683,
    "fields": {
        "code": 23,
        "status": 1,
        "patient": 23,
        "comment": null
    }
},
{
    "model": "patient.tooth",
    "pk": 684,
    "fields": {
        "code": 24,
        "status": 1,
        "patient": 23,
        "comment": null
    }
},
{
    "model": "patient.tooth",
    "pk": 685,
    "fields": {
        "code": 25,
        "status": 1,
        "patient": 23,
        "comment": null
    }
},
{
    "model": "patient.tooth",
    "pk": 686,
    "fields": {
        "code": 26,
        "status": 1,
        "patient": 23,
        "comment": null
    }
},
{
    "model": "patient.tooth",
    "pk": 687,
    "fields": {
        "code": 27,
        "status": 1,
        "patient": 23,
        "comment": null
    }
},
{
    "model": "patient.tooth",
    "pk": 688,
    "fields": {
        "code": 28,
        "status": 1,
        "patient": 23,
        "comment": null
    }
},
{
    "model": "patient.tooth",
    "pk": 689,
    "fields": {
        "code": 31,
        "status": 1,
        "patient": 23,
        "comment": null
    }
},
{
    "model": "patient.tooth",
    "pk": 690,
    "fields": {
        "code": 32,
        "status": 1,
        "patient": 23,
        "comment": null
    }
},
{
    "model": "patient.tooth",
    "pk": 691,
    "fields": {
        "code": 33,
        "status": 1,
        "patient": 23,
        "comment": null
    }
},
{
    "model": "patient.tooth",
    "pk": 692,
    "fields": {
        "code": 34,
        "status": 1,
        "patient": 23,
        "comment": null
    }
},
{
    "model": "patient.tooth",
    "pk": 693,
    "fields": {
        "code": 35,
        "status": 1,
        "patient": 23,
        "comment": null
    }
},
{
    "model": "patient.tooth",
    "pk": 694,
    "fields": {
        "code": 36,
        "status": 1,
        "patient": 23,
        "comment": null
    }
},
{
    "model": "patient.tooth",
    "pk": 695,
    "fields": {
        "code": 37,
        "status": 1,
        "patient": 23,
        "comment": null
    }
},
{
    "model": "patient.tooth",
    "pk": 696,
    "fields": {
        "code": 38,
        "status": 1,
        "patient": 23,
        "comment": null
    }
},
{
    "model": "patient.tooth",
    "pk": 697,
    "fields": {
        "code": 41,
        "status": 1,
        "patient": 23,
        "comment": null
    }
},
{
    "model": "patient.tooth",
    "pk": 698,
    "fields": {
        "code": 42,
        "status": 1,
        "patient": 23,
        "comment": null
    }
},
{
    "model": "patient.tooth",
    "pk": 699,
    "fields": {
        "code": 43,
        "status": 1,
        "patient": 23,
        "comment": null
    }
},
{
    "model": "patient.tooth",
    "pk": 700,
    "fields": {
        "code": 44,
        "status": 1,
        "patient": 23,
        "comment": null
    }
},
{
    "model": "patient.tooth",
    "pk": 701,
    "fields": {
        "code": 45,
        "status": 1,
        "patient": 23,
        "comment": null
    }
},
{
    "model": "patient.tooth",
    "pk": 702,
    "fields": {
        "code": 46,
        "status": 1,
        "patient": 23,
        "comment": null
    }
},
{
    "model": "patient.tooth",
    "pk": 703,
    "fields": {
        "code": 47,
        "status": 1,
        "patient": 23,
        "comment": null
    }
},
{
    "model": "patient.tooth",
    "pk": 704,
    "fields": {
        "code": 48,
        "status": 1,
        "patient": 23,
        "comment": null
    }
},
{
    "model": "patient.tooth",
    "pk": 705,
    "fields": {
        "code": 11,
        "status": 1,
        "patient": 24,
        "comment": null
    }
},
{
    "model": "patient.tooth",
    "pk": 706,
    "fields": {
        "code": 12,
        "status": 1,
        "patient": 24,
        "comment": null
    }
},
{
    "model": "patient.tooth",
    "pk": 707,
    "fields": {
        "code": 13,
        "status": 1,
        "patient": 24,
        "comment": null
    }
},
{
    "model": "patient.tooth",
    "pk": 708,
    "fields": {
        "code": 14,
        "status": 1,
        "patient": 24,
        "comment": null
    }
},
{
    "model": "patient.tooth",
    "pk": 709,
    "fields": {
        "code": 15,
        "status": 1,
        "patient": 24,
        "comment": null
    }
},
{
    "model": "patient.tooth",
    "pk": 710,
    "fields": {
        "code": 16,
        "status": 1,
        "patient": 24,
        "comment": null
    }
},
{
    "model": "patient.tooth",
    "pk": 711,
    "fields": {
        "code": 17,
        "status": 9,
        "patient": 24,
        "comment": ""
    }
},
{
    "model": "patient.tooth",
    "pk": 712,
    "fields": {
        "code": 18,
        "status": 3,
        "patient": 24,
        "comment": ""
    }
},
{
    "model": "patient.tooth",
    "pk": 713,
    "fields": {
        "code": 21,
        "status": 1,
        "patient": 24,
        "comment": null
    }
},
{
    "model": "patient.tooth",
    "pk": 714,
    "fields": {
        "code": 22,
        "status": 3,
        "patient": 24,
        "comment": ""
    }
},
{
    "model": "patient.tooth",
    "pk": 715,
    "fields": {
        "code": 23,
        "status": 1,
        "patient": 24,
        "comment": null
    }
},
{
    "model": "patient.tooth",
    "pk": 716,
    "fields": {
        "code": 24,
        "status": 1,
        "patient": 24,
        "comment": null
    }
},
{
    "model": "patient.tooth",
    "pk": 717,
    "fields": {
        "code": 25,
        "status": 1,
        "patient": 24,
        "comment": null
    }
},
{
    "model": "patient.tooth",
    "pk": 718,
    "fields": {
        "code": 26,
        "status": 1,
        "patient": 24,
        "comment": null
    }
},
{
    "model": "patient.tooth",
    "pk": 719,
    "fields": {
        "code": 27,
        "status": 1,
        "patient": 24,
        "comment": null
    }
},
{
    "model": "patient.tooth",
    "pk": 720,
    "fields": {
        "code": 28,
        "status": 1,
        "patient": 24,
        "comment": null
    }
},
{
    "model": "patient.tooth",
    "pk": 721,
    "fields": {
        "code": 31,
        "status": 1,
        "patient": 24,
        "comment": null
    }
},
{
    "model": "patient.tooth",
    "pk": 722,
    "fields": {
        "code": 32,
        "status": 1,
        "patient": 24,
        "comment": null
    }
},
{
    "model": "patient.tooth",
    "pk": 723,
    "fields": {
        "code": 33,
        "status": 1,
        "patient": 24,
        "comment": null
    }
},
{
    "model": "patient.tooth",
    "pk": 724,
    "fields": {
        "code": 34,
        "status": 1,
        "patient": 24,
        "comment": null
    }
},
{
    "model": "patient.tooth",
    "pk": 725,
    "fields": {
        "code": 35,
        "status": 1,
        "patient": 24,
        "comment": null
    }
},
{
    "model": "patient.tooth",
    "pk": 726,
    "fields": {
        "code": 36,
        "status": 2,
        "patient": 24,
        "comment": ""
    }
},
{
    "model": "patient.tooth",
    "pk": 727,
    "fields": {
        "code": 37,
        "status": 1,
        "patient": 24,
        "comment": null
    }
},
{
    "model": "patient.tooth",
    "pk": 728,
    "fields": {
        "code": 38,
        "status": 1,
        "patient": 24,
        "comment": null
    }
},
{
    "model": "patient.tooth",
    "pk": 729,
    "fields": {
        "code": 41,
        "status": 1,
        "patient": 24,
        "comment": null
    }
},
{
    "model": "patient.tooth",
    "pk": 730,
    "fields": {
        "code": 42,
        "status": 1,
        "patient": 24,
        "comment": null
    }
},
{
    "model": "patient.tooth",
    "pk": 731,
    "fields": {
        "code": 43,
        "status": 2,
        "patient": 24,
        "comment": ""
    }
},
{
    "model": "patient.tooth",
    "pk": 732,
    "fields": {
        "code": 44,
        "status": 1,
        "patient": 24,
        "comment": null
    }
},
{
    "model": "patient.tooth",
    "pk": 733,
    "fields": {
        "code": 45,
        "status": 1,
        "patient": 24,
        "comment": null
    }
},
{
    "model": "patient.tooth",
    "pk": 734,
    "fields": {
        "code": 46,
        "status": 2,
        "patient": 24,
        "comment": ""
    }
},
{
    "model": "patient.tooth",
    "pk": 735,
    "fields": {
        "code": 47,
        "status": 1,
        "patient": 24,
        "comment": null
    }
},
{
    "model": "patient.tooth",
    "pk": 736,
    "fields": {
        "code": 48,
        "status": 1,
        "patient": 24,
        "comment": null
    }
},
{
    "model": "patient.tooth",
    "pk": 737,
    "fields": {
        "code": 11,
        "status": 1,
        "patient": 25,
        "comment": null
    }
},
{
    "model": "patient.tooth",
    "pk": 738,
    "fields": {
        "code": 12,
        "status": 1,
        "patient": 25,
        "comment": null
    }
},
{
    "model": "patient.tooth",
    "pk": 739,
    "fields": {
        "code": 13,
        "status": 1,
        "patient": 25,
        "comment": null
    }
},
{
    "model": "patient.tooth",
    "pk": 740,
    "fields": {
        "code": 14,
        "status": 1,
        "patient": 25,
        "comment": null
    }
},
{
    "model": "patient.tooth",
    "pk": 741,
    "fields": {
        "code": 15,
        "status": 1,
        "patient": 25,
        "comment": null
    }
},
{
    "model": "patient.tooth",
    "pk": 742,
    "fields": {
        "code": 16,
        "status": 1,
        "patient": 25,
        "comment": null
    }
},
{
    "model": "patient.tooth",
    "pk": 743,
    "fields": {
        "code": 17,
        "status": 1,
        "patient": 25,
        "comment": null
    }
},
{
    "model": "patient.tooth",
    "pk": 744,
    "fields": {
        "code": 18,
        "status": 1,
        "patient": 25,
        "comment": null
    }
},
{
    "model": "patient.tooth",
    "pk": 745,
    "fields": {
        "code": 21,
        "status": 1,
        "patient": 25,
        "comment": null
    }
},
{
    "model": "patient.tooth",
    "pk": 746,
    "fields": {
        "code": 22,
        "status": 1,
        "patient": 25,
        "comment": null
    }
},
{
    "model": "patient.tooth",
    "pk": 747,
    "fields": {
        "code": 23,
        "status": 1,
        "patient": 25,
        "comment": null
    }
},
{
    "model": "patient.tooth",
    "pk": 748,
    "fields": {
        "code": 24,
        "status": 1,
        "patient": 25,
        "comment": null
    }
},
{
    "model": "patient.tooth",
    "pk": 749,
    "fields": {
        "code": 25,
        "status": 1,
        "patient": 25,
        "comment": null
    }
},
{
    "model": "patient.tooth",
    "pk": 750,
    "fields": {
        "code": 26,
        "status": 1,
        "patient": 25,
        "comment": null
    }
},
{
    "model": "patient.tooth",
    "pk": 751,
    "fields": {
        "code": 27,
        "status": 1,
        "patient": 25,
        "comment": null
    }
},
{
    "model": "patient.tooth",
    "pk": 752,
    "fields": {
        "code": 28,
        "status": 1,
        "patient": 25,
        "comment": null
    }
},
{
    "model": "patient.tooth",
    "pk": 753,
    "fields": {
        "code": 31,
        "status": 1,
        "patient": 25,
        "comment": null
    }
},
{
    "model": "patient.tooth",
    "pk": 754,
    "fields": {
        "code": 32,
        "status": 1,
        "patient": 25,
        "comment": null
    }
},
{
    "model": "patient.tooth",
    "pk": 755,
    "fields": {
        "code": 33,
        "status": 1,
        "patient": 25,
        "comment": null
    }
},
{
    "model": "patient.tooth",
    "pk": 756,
    "fields": {
        "code": 34,
        "status": 1,
        "patient": 25,
        "comment": null
    }
},
{
    "model": "patient.tooth",
    "pk": 757,
    "fields": {
        "code": 35,
        "status": 1,
        "patient": 25,
        "comment": null
    }
},
{
    "model": "patient.tooth",
    "pk": 758,
    "fields": {
        "code": 36,
        "status": 1,
        "patient": 25,
        "comment": null
    }
},
{
    "model": "patient.tooth",
    "pk": 759,
    "fields": {
        "code": 37,
        "status": 1,
        "patient": 25,
        "comment": null
    }
},
{
    "model": "patient.tooth",
    "pk": 760,
    "fields": {
        "code": 38,
        "status": 1,
        "patient": 25,
        "comment": null
    }
},
{
    "model": "patient.tooth",
    "pk": 761,
    "fields": {
        "code": 41,
        "status": 1,
        "patient": 25,
        "comment": null
    }
},
{
    "model": "patient.tooth",
    "pk": 762,
    "fields": {
        "code": 42,
        "status": 1,
        "patient": 25,
        "comment": null
    }
},
{
    "model": "patient.tooth",
    "pk": 763,
    "fields": {
        "code": 43,
        "status": 1,
        "patient": 25,
        "comment": null
    }
},
{
    "model": "patient.tooth",
    "pk": 764,
    "fields": {
        "code": 44,
        "status": 1,
        "patient": 25,
        "comment": null
    }
},
{
    "model": "patient.tooth",
    "pk": 765,
    "fields": {
        "code": 45,
        "status": 1,
        "patient": 25,
        "comment": null
    }
},
{
    "model": "patient.tooth",
    "pk": 766,
    "fields": {
        "code": 46,
        "status": 1,
        "patient": 25,
        "comment": null
    }
},
{
    "model": "patient.tooth",
    "pk": 767,
    "fields": {
        "code": 47,
        "status": 1,
        "patient": 25,
        "comment": null
    }
},
{
    "model": "patient.tooth",
    "pk": 768,
    "fields": {
        "code": 48,
        "status": 1,
        "patient": 25,
        "comment": null
    }
},
{
    "model": "patient.tooth",
    "pk": 769,
    "fields": {
        "code": 11,
        "status": 1,
        "patient": 26,
        "comment": null
    }
},
{
    "model": "patient.tooth",
    "pk": 770,
    "fields": {
        "code": 12,
        "status": 1,
        "patient": 26,
        "comment": null
    }
},
{
    "model": "patient.tooth",
    "pk": 771,
    "fields": {
        "code": 13,
        "status": 1,
        "patient": 26,
        "comment": null
    }
},
{
    "model": "patient.tooth",
    "pk": 772,
    "fields": {
        "code": 14,
        "status": 8,
        "patient": 26,
        "comment": ""
    }
},
{
    "model": "patient.tooth",
    "pk": 773,
    "fields": {
        "code": 15,
        "status": 1,
        "patient": 26,
        "comment": null
    }
},
{
    "model": "patient.tooth",
    "pk": 774,
    "fields": {
        "code": 16,
        "status": 9,
        "patient": 26,
        "comment": ""
    }
},
{
    "model": "patient.tooth",
    "pk": 775,
    "fields": {
        "code": 17,
        "status": 1,
        "patient": 26,
        "comment": null
    }
},
{
    "model": "patient.tooth",
    "pk": 776,
    "fields": {
        "code": 18,
        "status": 1,
        "patient": 26,
        "comment": null
    }
},
{
    "model": "patient.tooth",
    "pk": 777,
    "fields": {
        "code": 21,
        "status": 1,
        "patient": 26,
        "comment": null
    }
},
{
    "model": "patient.tooth",
    "pk": 778,
    "fields": {
        "code": 22,
        "status": 1,
        "patient": 26,
        "comment": null
    }
},
{
    "model": "patient.tooth",
    "pk": 779,
    "fields": {
        "code": 23,
        "status": 1,
        "patient": 26,
        "comment": null
    }
},
{
    "model": "patient.tooth",
    "pk": 780,
    "fields": {
        "code": 24,
        "status": 1,
        "patient": 26,
        "comment": null
    }
},
{
    "model": "patient.tooth",
    "pk": 781,
    "fields": {
        "code": 25,
        "status": 1,
        "patient": 26,
        "comment": null
    }
},
{
    "model": "patient.tooth",
    "pk": 782,
    "fields": {
        "code": 26,
        "status": 1,
        "patient": 26,
        "comment": null
    }
},
{
    "model": "patient.tooth",
    "pk": 783,
    "fields": {
        "code": 27,
        "status": 1,
        "patient": 26,
        "comment": null
    }
},
{
    "model": "patient.tooth",
    "pk": 784,
    "fields": {
        "code": 28,
        "status": 1,
        "patient": 26,
        "comment": null
    }
},
{
    "model": "patient.tooth",
    "pk": 785,
    "fields": {
        "code": 31,
        "status": 1,
        "patient": 26,
        "comment": null
    }
},
{
    "model": "patient.tooth",
    "pk": 786,
    "fields": {
        "code": 32,
        "status": 1,
        "patient": 26,
        "comment": null
    }
},
{
    "model": "patient.tooth",
    "pk": 787,
    "fields": {
        "code": 33,
        "status": 1,
        "patient": 26,
        "comment": null
    }
},
{
    "model": "patient.tooth",
    "pk": 788,
    "fields": {
        "code": 34,
        "status": 1,
        "patient": 26,
        "comment": null
    }
},
{
    "model": "patient.tooth",
    "pk": 789,
    "fields": {
        "code": 35,
        "status": 1,
        "patient": 26,
        "comment": null
    }
},
{
    "model": "patient.tooth",
    "pk": 790,
    "fields": {
        "code": 36,
        "status": 1,
        "patient": 26,
        "comment": null
    }
},
{
    "model": "patient.tooth",
    "pk": 791,
    "fields": {
        "code": 37,
        "status": 1,
        "patient": 26,
        "comment": null
    }
},
{
    "model": "patient.tooth",
    "pk": 792,
    "fields": {
        "code": 38,
        "status": 1,
        "patient": 26,
        "comment": null
    }
},
{
    "model": "patient.tooth",
    "pk": 793,
    "fields": {
        "code": 41,
        "status": 1,
        "patient": 26,
        "comment": null
    }
},
{
    "model": "patient.tooth",
    "pk": 794,
    "fields": {
        "code": 42,
        "status": 1,
        "patient": 26,
        "comment": null
    }
},
{
    "model": "patient.tooth",
    "pk": 795,
    "fields": {
        "code": 43,
        "status": 1,
        "patient": 26,
        "comment": null
    }
},
{
    "model": "patient.tooth",
    "pk": 796,
    "fields": {
        "code": 44,
        "status": 1,
        "patient": 26,
        "comment": null
    }
},
{
    "model": "patient.tooth",
    "pk": 797,
    "fields": {
        "code": 45,
        "status": 1,
        "patient": 26,
        "comment": null
    }
},
{
    "model": "patient.tooth",
    "pk": 798,
    "fields": {
        "code": 46,
        "status": 1,
        "patient": 26,
        "comment": null
    }
},
{
    "model": "patient.tooth",
    "pk": 799,
    "fields": {
        "code": 47,
        "status": 1,
        "patient": 26,
        "comment": null
    }
},
{
    "model": "patient.tooth",
    "pk": 800,
    "fields": {
        "code": 48,
        "status": 1,
        "patient": 26,
        "comment": null
    }
},
{
    "model": "patient.tooth",
    "pk": 801,
    "fields": {
        "code": 11,
        "status": 1,
        "patient": 27,
        "comment": null
    }
},
{
    "model": "patient.tooth",
    "pk": 802,
    "fields": {
        "code": 12,
        "status": 1,
        "patient": 27,
        "comment": null
    }
},
{
    "model": "patient.tooth",
    "pk": 803,
    "fields": {
        "code": 13,
        "status": 1,
        "patient": 27,
        "comment": null
    }
},
{
    "model": "patient.tooth",
    "pk": 804,
    "fields": {
        "code": 14,
        "status": 1,
        "patient": 27,
        "comment": null
    }
},
{
    "model": "patient.tooth",
    "pk": 805,
    "fields": {
        "code": 15,
        "status": 1,
        "patient": 27,
        "comment": null
    }
},
{
    "model": "patient.tooth",
    "pk": 806,
    "fields": {
        "code": 16,
        "status": 1,
        "patient": 27,
        "comment": null
    }
},
{
    "model": "patient.tooth",
    "pk": 807,
    "fields": {
        "code": 17,
        "status": 1,
        "patient": 27,
        "comment": null
    }
},
{
    "model": "patient.tooth",
    "pk": 808,
    "fields": {
        "code": 18,
        "status": 1,
        "patient": 27,
        "comment": null
    }
},
{
    "model": "patient.tooth",
    "pk": 809,
    "fields": {
        "code": 21,
        "status": 1,
        "patient": 27,
        "comment": null
    }
},
{
    "model": "patient.tooth",
    "pk": 810,
    "fields": {
        "code": 22,
        "status": 1,
        "patient": 27,
        "comment": null
    }
},
{
    "model": "patient.tooth",
    "pk": 811,
    "fields": {
        "code": 23,
        "status": 1,
        "patient": 27,
        "comment": null
    }
},
{
    "model": "patient.tooth",
    "pk": 812,
    "fields": {
        "code": 24,
        "status": 1,
        "patient": 27,
        "comment": null
    }
},
{
    "model": "patient.tooth",
    "pk": 813,
    "fields": {
        "code": 25,
        "status": 1,
        "patient": 27,
        "comment": null
    }
},
{
    "model": "patient.tooth",
    "pk": 814,
    "fields": {
        "code": 26,
        "status": 1,
        "patient": 27,
        "comment": null
    }
},
{
    "model": "patient.tooth",
    "pk": 815,
    "fields": {
        "code": 27,
        "status": 1,
        "patient": 27,
        "comment": null
    }
},
{
    "model": "patient.tooth",
    "pk": 816,
    "fields": {
        "code": 28,
        "status": 1,
        "patient": 27,
        "comment": null
    }
},
{
    "model": "patient.tooth",
    "pk": 817,
    "fields": {
        "code": 31,
        "status": 1,
        "patient": 27,
        "comment": null
    }
},
{
    "model": "patient.tooth",
    "pk": 818,
    "fields": {
        "code": 32,
        "status": 1,
        "patient": 27,
        "comment": null
    }
},
{
    "model": "patient.tooth",
    "pk": 819,
    "fields": {
        "code": 33,
        "status": 1,
        "patient": 27,
        "comment": null
    }
},
{
    "model": "patient.tooth",
    "pk": 820,
    "fields": {
        "code": 34,
        "status": 1,
        "patient": 27,
        "comment": null
    }
},
{
    "model": "patient.tooth",
    "pk": 821,
    "fields": {
        "code": 35,
        "status": 1,
        "patient": 27,
        "comment": null
    }
},
{
    "model": "patient.tooth",
    "pk": 822,
    "fields": {
        "code": 36,
        "status": 1,
        "patient": 27,
        "comment": null
    }
},
{
    "model": "patient.tooth",
    "pk": 823,
    "fields": {
        "code": 37,
        "status": 1,
        "patient": 27,
        "comment": null
    }
},
{
    "model": "patient.tooth",
    "pk": 824,
    "fields": {
        "code": 38,
        "status": 1,
        "patient": 27,
        "comment": null
    }
},
{
    "model": "patient.tooth",
    "pk": 825,
    "fields": {
        "code": 41,
        "status": 1,
        "patient": 27,
        "comment": null
    }
},
{
    "model": "patient.tooth",
    "pk": 826,
    "fields": {
        "code": 42,
        "status": 1,
        "patient": 27,
        "comment": null
    }
},
{
    "model": "patient.tooth",
    "pk": 827,
    "fields": {
        "code": 43,
        "status": 1,
        "patient": 27,
        "comment": null
    }
},
{
    "model": "patient.tooth",
    "pk": 828,
    "fields": {
        "code": 44,
        "status": 1,
        "patient": 27,
        "comment": null
    }
},
{
    "model": "patient.tooth",
    "pk": 829,
    "fields": {
        "code": 45,
        "status": 1,
        "patient": 27,
        "comment": null
    }
},
{
    "model": "patient.tooth",
    "pk": 830,
    "fields": {
        "code": 46,
        "status": 1,
        "patient": 27,
        "comment": null
    }
},
{
    "model": "patient.tooth",
    "pk": 831,
    "fields": {
        "code": 47,
        "status": 1,
        "patient": 27,
        "comment": null
    }
},
{
    "model": "patient.tooth",
    "pk": 832,
    "fields": {
        "code": 48,
        "status": 1,
        "patient": 27,
        "comment": null
    }
},
{
    "model": "patient.tooth",
    "pk": 833,
    "fields": {
        "code": 11,
        "status": 1,
        "patient": 28,
        "comment": null
    }
},
{
    "model": "patient.tooth",
    "pk": 834,
    "fields": {
        "code": 12,
        "status": 1,
        "patient": 28,
        "comment": null
    }
},
{
    "model": "patient.tooth",
    "pk": 835,
    "fields": {
        "code": 13,
        "status": 1,
        "patient": 28,
        "comment": null
    }
},
{
    "model": "patient.tooth",
    "pk": 836,
    "fields": {
        "code": 14,
        "status": 1,
        "patient": 28,
        "comment": null
    }
},
{
    "model": "patient.tooth",
    "pk": 837,
    "fields": {
        "code": 15,
        "status": 1,
        "patient": 28,
        "comment": null
    }
},
{
    "model": "patient.tooth",
    "pk": 838,
    "fields": {
        "code": 16,
        "status": 1,
        "patient": 28,
        "comment": null
    }
},
{
    "model": "patient.tooth",
    "pk": 839,
    "fields": {
        "code": 17,
        "status": 1,
        "patient": 28,
        "comment": null
    }
},
{
    "model": "patient.tooth",
    "pk": 840,
    "fields": {
        "code": 18,
        "status": 1,
        "patient": 28,
        "comment": null
    }
},
{
    "model": "patient.tooth",
    "pk": 841,
    "fields": {
        "code": 21,
        "status": 1,
        "patient": 28,
        "comment": null
    }
},
{
    "model": "patient.tooth",
    "pk": 842,
    "fields": {
        "code": 22,
        "status": 1,
        "patient": 28,
        "comment": null
    }
},
{
    "model": "patient.tooth",
    "pk": 843,
    "fields": {
        "code": 23,
        "status": 1,
        "patient": 28,
        "comment": null
    }
},
{
    "model": "patient.tooth",
    "pk": 844,
    "fields": {
        "code": 24,
        "status": 1,
        "patient": 28,
        "comment": null
    }
},
{
    "model": "patient.tooth",
    "pk": 845,
    "fields": {
        "code": 25,
        "status": 1,
        "patient": 28,
        "comment": null
    }
},
{
    "model": "patient.tooth",
    "pk": 846,
    "fields": {
        "code": 26,
        "status": 1,
        "patient": 28,
        "comment": null
    }
},
{
    "model": "patient.tooth",
    "pk": 847,
    "fields": {
        "code": 27,
        "status": 1,
        "patient": 28,
        "comment": null
    }
},
{
    "model": "patient.tooth",
    "pk": 848,
    "fields": {
        "code": 28,
        "status": 1,
        "patient": 28,
        "comment": null
    }
},
{
    "model": "patient.tooth",
    "pk": 849,
    "fields": {
        "code": 31,
        "status": 1,
        "patient": 28,
        "comment": null
    }
},
{
    "model": "patient.tooth",
    "pk": 850,
    "fields": {
        "code": 32,
        "status": 1,
        "patient": 28,
        "comment": null
    }
},
{
    "model": "patient.tooth",
    "pk": 851,
    "fields": {
        "code": 33,
        "status": 1,
        "patient": 28,
        "comment": null
    }
},
{
    "model": "patient.tooth",
    "pk": 852,
    "fields": {
        "code": 34,
        "status": 1,
        "patient": 28,
        "comment": null
    }
},
{
    "model": "patient.tooth",
    "pk": 853,
    "fields": {
        "code": 35,
        "status": 1,
        "patient": 28,
        "comment": null
    }
},
{
    "model": "patient.tooth",
    "pk": 854,
    "fields": {
        "code": 36,
        "status": 1,
        "patient": 28,
        "comment": null
    }
},
{
    "model": "patient.tooth",
    "pk": 855,
    "fields": {
        "code": 37,
        "status": 1,
        "patient": 28,
        "comment": null
    }
},
{
    "model": "patient.tooth",
    "pk": 856,
    "fields": {
        "code": 38,
        "status": 1,
        "patient": 28,
        "comment": null
    }
},
{
    "model": "patient.tooth",
    "pk": 857,
    "fields": {
        "code": 41,
        "status": 1,
        "patient": 28,
        "comment": null
    }
},
{
    "model": "patient.tooth",
    "pk": 858,
    "fields": {
        "code": 42,
        "status": 1,
        "patient": 28,
        "comment": null
    }
},
{
    "model": "patient.tooth",
    "pk": 859,
    "fields": {
        "code": 43,
        "status": 1,
        "patient": 28,
        "comment": null
    }
},
{
    "model": "patient.tooth",
    "pk": 860,
    "fields": {
        "code": 44,
        "status": 1,
        "patient": 28,
        "comment": null
    }
},
{
    "model": "patient.tooth",
    "pk": 861,
    "fields": {
        "code": 45,
        "status": 1,
        "patient": 28,
        "comment": null
    }
},
{
    "model": "patient.tooth",
    "pk": 862,
    "fields": {
        "code": 46,
        "status": 1,
        "patient": 28,
        "comment": null
    }
},
{
    "model": "patient.tooth",
    "pk": 863,
    "fields": {
        "code": 47,
        "status": 1,
        "patient": 28,
        "comment": null
    }
},
{
    "model": "patient.tooth",
    "pk": 864,
    "fields": {
        "code": 48,
        "status": 1,
        "patient": 28,
        "comment": null
    }
},
{
    "model": "patient.tooth",
    "pk": 865,
    "fields": {
        "code": 11,
        "status": 1,
        "patient": 29,
        "comment": null
    }
},
{
    "model": "patient.tooth",
    "pk": 866,
    "fields": {
        "code": 12,
        "status": 1,
        "patient": 29,
        "comment": null
    }
},
{
    "model": "patient.tooth",
    "pk": 867,
    "fields": {
        "code": 13,
        "status": 1,
        "patient": 29,
        "comment": null
    }
},
{
    "model": "patient.tooth",
    "pk": 868,
    "fields": {
        "code": 14,
        "status": 1,
        "patient": 29,
        "comment": null
    }
},
{
    "model": "patient.tooth",
    "pk": 869,
    "fields": {
        "code": 15,
        "status": 1,
        "patient": 29,
        "comment": null
    }
},
{
    "model": "patient.tooth",
    "pk": 870,
    "fields": {
        "code": 16,
        "status": 1,
        "patient": 29,
        "comment": null
    }
},
{
    "model": "patient.tooth",
    "pk": 871,
    "fields": {
        "code": 17,
        "status": 1,
        "patient": 29,
        "comment": null
    }
},
{
    "model": "patient.tooth",
    "pk": 872,
    "fields": {
        "code": 18,
        "status": 1,
        "patient": 29,
        "comment": null
    }
},
{
    "model": "patient.tooth",
    "pk": 873,
    "fields": {
        "code": 21,
        "status": 1,
        "patient": 29,
        "comment": null
    }
},
{
    "model": "patient.tooth",
    "pk": 874,
    "fields": {
        "code": 22,
        "status": 1,
        "patient": 29,
        "comment": null
    }
},
{
    "model": "patient.tooth",
    "pk": 875,
    "fields": {
        "code": 23,
        "status": 1,
        "patient": 29,
        "comment": null
    }
},
{
    "model": "patient.tooth",
    "pk": 876,
    "fields": {
        "code": 24,
        "status": 1,
        "patient": 29,
        "comment": null
    }
},
{
    "model": "patient.tooth",
    "pk": 877,
    "fields": {
        "code": 25,
        "status": 1,
        "patient": 29,
        "comment": null
    }
},
{
    "model": "patient.tooth",
    "pk": 878,
    "fields": {
        "code": 26,
        "status": 1,
        "patient": 29,
        "comment": null
    }
},
{
    "model": "patient.tooth",
    "pk": 879,
    "fields": {
        "code": 27,
        "status": 1,
        "patient": 29,
        "comment": null
    }
},
{
    "model": "patient.tooth",
    "pk": 880,
    "fields": {
        "code": 28,
        "status": 1,
        "patient": 29,
        "comment": null
    }
},
{
    "model": "patient.tooth",
    "pk": 881,
    "fields": {
        "code": 31,
        "status": 1,
        "patient": 29,
        "comment": null
    }
},
{
    "model": "patient.tooth",
    "pk": 882,
    "fields": {
        "code": 32,
        "status": 1,
        "patient": 29,
        "comment": null
    }
},
{
    "model": "patient.tooth",
    "pk": 883,
    "fields": {
        "code": 33,
        "status": 1,
        "patient": 29,
        "comment": null
    }
},
{
    "model": "patient.tooth",
    "pk": 884,
    "fields": {
        "code": 34,
        "status": 1,
        "patient": 29,
        "comment": null
    }
},
{
    "model": "patient.tooth",
    "pk": 885,
    "fields": {
        "code": 35,
        "status": 1,
        "patient": 29,
        "comment": null
    }
},
{
    "model": "patient.tooth",
    "pk": 886,
    "fields": {
        "code": 36,
        "status": 1,
        "patient": 29,
        "comment": null
    }
},
{
    "model": "patient.tooth",
    "pk": 887,
    "fields": {
        "code": 37,
        "status": 1,
        "patient": 29,
        "comment": null
    }
},
{
    "model": "patient.tooth",
    "pk": 888,
    "fields": {
        "code": 38,
        "status": 1,
        "patient": 29,
        "comment": null
    }
},
{
    "model": "patient.tooth",
    "pk": 889,
    "fields": {
        "code": 41,
        "status": 1,
        "patient": 29,
        "comment": null
    }
},
{
    "model": "patient.tooth",
    "pk": 890,
    "fields": {
        "code": 42,
        "status": 1,
        "patient": 29,
        "comment": null
    }
},
{
    "model": "patient.tooth",
    "pk": 891,
    "fields": {
        "code": 43,
        "status": 1,
        "patient": 29,
        "comment": null
    }
},
{
    "model": "patient.tooth",
    "pk": 892,
    "fields": {
        "code": 44,
        "status": 1,
        "patient": 29,
        "comment": null
    }
},
{
    "model": "patient.tooth",
    "pk": 893,
    "fields": {
        "code": 45,
        "status": 1,
        "patient": 29,
        "comment": null
    }
},
{
    "model": "patient.tooth",
    "pk": 894,
    "fields": {
        "code": 46,
        "status": 1,
        "patient": 29,
        "comment": null
    }
},
{
    "model": "patient.tooth",
    "pk": 895,
    "fields": {
        "code": 47,
        "status": 1,
        "patient": 29,
        "comment": null
    }
},
{
    "model": "patient.tooth",
    "pk": 896,
    "fields": {
        "code": 48,
        "status": 1,
        "patient": 29,
        "comment": null
    }
},
{
    "model": "patient.tooth_status",
    "pk": 1,
    "fields": {
        "name": "Oddiy tish",
        "prefix": "default"
    }
},
{
    "model": "patient.tooth_status",
    "pk": 2,
    "fields": {
        "name": "Davolangan tish",
        "prefix": "treated"
    }
},
{
    "model": "patient.tooth_status",
    "pk": 3,
    "fields": {
        "name": "Jarayondagi tish",
        "prefix": "process"
    }
},
{
    "model": "patient.tooth_status",
    "pk": 4,
    "fields": {
        "name": "Mavjud bo'lmagan tish",
        "prefix": "no"
    }
},
{
    "model": "patient.tooth_status",
    "pk": 5,
    "fields": {
        "name": "Qoplamali tish",
        "prefix": "crown"
    }
},
{
    "model": "patient.tooth_status",
    "pk": 6,
    "fields": {
        "name": "Qoplamali davolangan tish",
        "prefix": "crown-treated"
    }
},
{
    "model": "patient.tooth_status",
    "pk": 7,
    "fields": {
        "name": "Sun'iy tish",
        "prefix": "artificial"
    }
},
{
    "model": "patient.tooth_status",
    "pk": 8,
    "fields": {
        "name": "Implant",
        "prefix": "implant"
    }
},
{
    "model": "patient.tooth_status",
    "pk": 9,
    "fields": {
        "name": "Olingan tish",
        "prefix": "removed"
    }
},
{
    "model": "patient.process_photo",
    "pk": 1,
    "fields": {
        "image": "patients/process_photos/9.jpg",
        "patient": 24
    }
},
{
    "model": "patient.process_photo",
    "pk": 2,
    "fields": {
        "image": "patients/process_photos/3e08871f1e9c6dad86e61a27d6075f47.jpg",
        "patient": 24
    }
},
{
    "model": "patient.key",
    "pk": 1,
    "fields": {
        "patient": 1,
        "key": 380515
    }
},
{
    "model": "patient.key",
    "pk": 2,
    "fields": {
        "patient": 2,
        "key": 118704
    }
},
{
    "model": "patient.key",
    "pk": 3,
    "fields": {
        "patient": 3,
        "key": 114865
    }
},
{
    "model": "patient.key",
    "pk": 4,
    "fields": {
        "patient": 4,
        "key": 306523
    }
},
{
    "model": "patient.key",
    "pk": 5,
    "fields": {
        "patient": 5,
        "key": 260364
    }
},
{
    "model": "patient.key",
    "pk": 6,
    "fields": {
        "patient": 6,
        "key": 744591
    }
},
{
    "model": "patient.key",
    "pk": 7,
    "fields": {
        "patient": 7,
        "key": 444004
    }
},
{
    "model": "patient.key",
    "pk": 8,
    "fields": {
        "patient": 9,
        "key": 808904
    }
},
{
    "model": "patient.key",
    "pk": 9,
    "fields": {
        "patient": 10,
        "key": 591579
    }
},
{
    "model": "patient.key",
    "pk": 10,
    "fields": {
        "patient": 11,
        "key": 942495
    }
},
{
    "model": "patient.key",
    "pk": 11,
    "fields": {
        "patient": 12,
        "key": 968435
    }
},
{
    "model": "patient.key",
    "pk": 12,
    "fields": {
        "patient": 13,
        "key": 303270
    }
},
{
    "model": "patient.key",
    "pk": 13,
    "fields": {
        "patient": 14,
        "key": 147881
    }
},
{
    "model": "patient.key",
    "pk": 14,
    "fields": {
        "patient": 15,
        "key": 483519
    }
},
{
    "model": "patient.key",
    "pk": 15,
    "fields": {
        "patient": 16,
        "key": 650652
    }
},
{
    "model": "patient.key",
    "pk": 16,
    "fields": {
        "patient": 17,
        "key": 757819
    }
},
{
    "model": "patient.key",
    "pk": 17,
    "fields": {
        "patient": 18,
        "key": 869994
    }
},
{
    "model": "patient.key",
    "pk": 18,
    "fields": {
        "patient": 19,
        "key": 893062
    }
},
{
    "model": "patient.key",
    "pk": 19,
    "fields": {
        "patient": 20,
        "key": 695705
    }
},
{
    "model": "patient.key",
    "pk": 20,
    "fields": {
        "patient": 21,
        "key": 932596
    }
},
{
    "model": "patient.key",
    "pk": 21,
    "fields": {
        "patient": 22,
        "key": 908989
    }
},
{
    "model": "patient.key",
    "pk": 22,
    "fields": {
        "patient": 23,
        "key": 824839
    }
},
{
    "model": "patient.key",
    "pk": 23,
    "fields": {
        "patient": 24,
        "key": 562968
    }
},
{
    "model": "patient.key",
    "pk": 24,
    "fields": {
        "patient": 25,
        "key": 106933
    }
},
{
    "model": "patient.key",
    "pk": 25,
    "fields": {
        "patient": 26,
        "key": 787519
    }
},
{
    "model": "patient.key",
    "pk": 26,
    "fields": {
        "patient": 27,
        "key": 983080
    }
},
{
    "model": "patient.key",
    "pk": 27,
    "fields": {
        "patient": 28,
        "key": 591844
    }
},
{
    "model": "patient.key",
    "pk": 28,
    "fields": {
        "patient": 29,
        "key": 830471
    }
}
]
