[
    {
        "model": "dentist.clinic",
        "pk": 1,
        "fields": {
            "name": "Sog'lom tabassum",
            "region": 5,
            "latitude": 40.784638,
            "longitude": 72.332524
        }
    },
    {
        "model": "dentist.clinic",
        "pk": 2,
        "fields": {
            "name": "Biostomadent",
            "region": 5,
            "latitude": 40.808288,
            "longitude": 72.344401
        }
    },
    {
        "model": "dentist.clinic",
        "pk": 3,
        "fields": {
            "name": "Musaffo Stoma Servis",
            "region": 5,
            "latitude": 40.778628,
            "longitude": 72.355082
        }
    },
    {
        "model": "dentist.clinic",
        "pk": 4,
        "fields": {
            "name": "\"Xurshid\" davolash muassasasi",
            "region": 5,
            "latitude": 40.761752,
            "longitude": 72.349655
        }
    },
    {
        "model": "dentist.clinic",
        "pk": 5,
        "fields": {
            "name": "Family Dent",
            "region": 5,
            "latitude": 40.77452,
            "longitude": 72.357308
        }
    },
    {
        "model": "dentist.clinic",
        "pk": 6,
        "fields": {
            "name": "Medical Pro klinikasi",
            "region": 5,
            "latitude": 40.746311,
            "longitude": 72.320613
        }
    },
    {
        "model": "dentist.clinic",
        "pk": 7,
        "fields": {
            "name": "Red-White Dental Clinic",
            "region": 5,
            "latitude": 40.770132,
            "longitude": 72.340377
        }
    },
    {
        "model": "dentist.clinic",
        "pk": 8,
        "fields": {
            "name": "Neodent Clinic",
            "region": 5,
            "latitude": 40.810443,
            "longitude": 72.323543
        }
    },
    {
        "model": "dentist.clinic",
        "pk": 9,
        "fields": {
            "name": "Andijon viloyat stomatologiya poliklinikasi",
            "region": 5,
            "latitude": 40.790022,
            "longitude": 72.333112
        }
    },
    {
        "model": "dentist.clinic",
        "pk": 10,
        "fields": {
            "name": "Stomatologiya",
            "region": 5,
            "latitude": 40.646161,
            "longitude": 72.244197
        }
    },
    {
        "model": "dentist.clinic",
        "pk": 11,
        "fields": {
            "name": "Viloyat bolalar stomatologiya poliklinikasi",
            "region": 5,
            "latitude": 40.795181,
            "longitude": 72.348533
        }
    },
    {
        "model": "dentist.clinic",
        "pk": 12,
        "fields": {
            "name": "\"Stomatolog\" klinikasi (Gorodskoy)",
            "region": 5,
            "latitude": 40.751179,
            "longitude": 72.354252
        }
    },
    {
        "model": "dentist.clinic",
        "pk": 13,
        "fields": {
            "name": "Oila-dent klinikasi",
            "region": 5,
            "latitude": 40.762634,
            "longitude": 72.366836
        }
    },
    {
        "model": "dentist.clinic_translation",
        "pk": 1,
        "fields": {
            "clinic": 1,
            "name": "Sog'lom tabassum",
            "address": "Bobur shoh ko'chasi, 109-b uy",
            "orientir": "Hamkor biznes markazi",
            "language": 1
        }
    },
    {
        "model": "dentist.clinic_translation",
        "pk": 2,
        "fields": {
            "clinic": 1,
            "name": "Sog'lom tabassum",
            "address": "Проспект Бабура, 109-б",
            "orientir": "Бизнес-центр Хамкор",
            "language": 2
        }
    },
    {
        "model": "dentist.clinic_translation",
        "pk": 3,
        "fields": {
            "clinic": 1,
            "name": "Sog'lom tabassum",
            "address": "Проспект Бабура, 109-б",
            "orientir": "Бизнес-центр Хамкор",
            "language": 3
        }
    },
    {
        "model": "dentist.clinic_translation",
        "pk": 4,
        "fields": {
            "clinic": 2,
            "name": "Biostomadent",
            "address": "Pirmuhammedov ko'chasi",
            "orientir": "Trikotaj",
            "language": 1
        }
    },
    {
        "model": "dentist.clinic_translation",
        "pk": 5,
        "fields": {
            "clinic": 2,
            "name": "Biostomadent",
            "address": "Улица Пирмухаммедова",
            "orientir": "Трикотаж",
            "language": 2
        }
    },
    {
        "model": "dentist.clinic_translation",
        "pk": 6,
        "fields": {
            "clinic": 2,
            "name": "Biostomadent",
            "address": "Улица Пирмухаммедова",
            "orientir": "Трикотаж",
            "language": 3
        }
    },
    {
        "model": "dentist.clinic_translation",
        "pk": 7,
        "fields": {
            "clinic": 3,
            "name": "Musaffo Stoma Servis",
            "address": "Navoiy shoh ko'chasi",
            "orientir": "Andijon viloyati hokimiyati",
            "language": 1
        }
    },
    {
        "model": "dentist.clinic_translation",
        "pk": 8,
        "fields": {
            "clinic": 3,
            "name": "Musaffo Stoma Servis",
            "address": "Проспект Навои",
            "orientir": "Хокимият Андижанской области",
            "language": 2
        }
    },
    {
        "model": "dentist.clinic_translation",
        "pk": 9,
        "fields": {
            "clinic": 3,
            "name": "Musaffo Stoma Servis",
            "address": "Проспект Навои",
            "orientir": "Хокимият Андижанской области",
            "language": 3
        }
    },
    {
        "model": "dentist.clinic_translation",
        "pk": 10,
        "fields": {
            "clinic": 4,
            "name": "\"Xurshid\" davolash muassasasi",
            "address": "Dalvarzin dahasi, Sarbon ko'chasi, 12-uy",
            "orientir": null,
            "language": 1
        }
    },
    {
        "model": "dentist.clinic_translation",
        "pk": 11,
        "fields": {
            "clinic": 4,
            "name": "Медицинское учреждение \"Xurshid\"",
            "address": "Квартал Далварзин, улица Сарбон, 12",
            "orientir": null,
            "language": 2
        }
    },
    {
        "model": "dentist.clinic_translation",
        "pk": 12,
        "fields": {
            "clinic": 4,
            "name": "Медицинское учреждение \"Xurshid\"",
            "address": "Квартал Далварзин, улица Сарбон, 12",
            "orientir": null,
            "language": 3
        }
    },
    {
        "model": "dentist.clinic_translation",
        "pk": 13,
        "fields": {
            "clinic": 5,
            "name": "Family Dent",
            "address": "Navoiy shoh ko'chasi",
            "orientir": null,
            "language": 1
        }
    },
    {
        "model": "dentist.clinic_translation",
        "pk": 14,
        "fields": {
            "clinic": 5,
            "name": "Family Dent",
            "address": "Проспект Навои",
            "orientir": null,
            "language": 2
        }
    },
    {
        "model": "dentist.clinic_translation",
        "pk": 15,
        "fields": {
            "clinic": 5,
            "name": "Family Dent",
            "address": "Проспект Навои",
            "orientir": null,
            "language": 3
        }
    },
    {
        "model": "dentist.clinic_translation",
        "pk": 16,
        "fields": {
            "clinic": 6,
            "name": "Medical Pro klinikasi",
            "address": "A. Yo'ldashev ko'chasi",
            "orientir": "Visus ko'z klinikasi yonida",
            "language": 1
        }
    },
    {
        "model": "dentist.clinic_translation",
        "pk": 17,
        "fields": {
            "clinic": 6,
            "name": "Клиника Medical Pro",
            "address": "Улица А.Юлдашева",
            "orientir": "Глазная клиника",
            "language": 2
        }
    },
    {
        "model": "dentist.clinic_translation",
        "pk": 18,
        "fields": {
            "clinic": 6,
            "name": "Клиника Medical Pro",
            "address": "Улица А.Юлдашева",
            "orientir": "Глазная клиника",
            "language": 3
        }
    },
    {
        "model": "dentist.clinic_translation",
        "pk": 19,
        "fields": {
            "clinic": 7,
            "name": "Red-White Dental Clinic",
            "address": "Bobur shoh ko'chasi",
            "orientir": "Hamkorbank bosh ofisi",
            "language": 1
        }
    },
    {
        "model": "dentist.clinic_translation",
        "pk": 20,
        "fields": {
            "clinic": 7,
            "name": "Red-White Dental Clinic",
            "address": "Проспект Бабура",
            "orientir": "Главный офис Хамкорбанк",
            "language": 2
        }
    },
    {
        "model": "dentist.clinic_translation",
        "pk": 21,
        "fields": {
            "clinic": 7,
            "name": "Red-White Dental Clinic",
            "address": "Проспект Бабура",
            "orientir": "Главный офис Хамкорбанк",
            "language": 3
        }
    },
    {
        "model": "dentist.clinic_translation",
        "pk": 22,
        "fields": {
            "clinic": 8,
            "name": "Neodent Clinic",
            "address": "Shimoliy kichik daha, Bobur shoh ko'chasi",
            "orientir": "Gumbaz parhez taomlari",
            "language": 1
        }
    },
    {
        "model": "dentist.clinic_translation",
        "pk": 23,
        "fields": {
            "clinic": 8,
            "name": "Neodent Clinic",
            "address": "Северный малый квартал, проспект Бабура",
            "orientir": "Диетические блюда Гумбаз",
            "language": 2
        }
    },
    {
        "model": "dentist.clinic_translation",
        "pk": 24,
        "fields": {
            "clinic": 8,
            "name": "Neodent Clinic",
            "address": "Северный малый квартал, проспект Бабура",
            "orientir": "Диетические блюда Гумбаз",
            "language": 3
        }
    },
    {
        "model": "dentist.clinic_translation",
        "pk": 25,
        "fields": {
            "clinic": 9,
            "name": "Andijon viloyat stomatologiya poliklinikasi",
            "address": "Bobur shoh ko'chasi 87-uy",
            "orientir": "1-tug'ruqxona",
            "language": 1
        }
    },
    {
        "model": "dentist.clinic_translation",
        "pk": 26,
        "fields": {
            "clinic": 9,
            "name": "Андижанская областная стоматологическая поликлиника",
            "address": "Проспект Бабура, 87",
            "orientir": "1-роддом",
            "language": 2
        }
    },
    {
        "model": "dentist.clinic_translation",
        "pk": 27,
        "fields": {
            "clinic": 9,
            "name": "Андижанская областная стоматологическая поликлиника",
            "address": "Проспект Бабура, 87",
            "orientir": "1-роддом",
            "language": 3
        }
    },
    {
        "model": "dentist.clinic_translation",
        "pk": 28,
        "fields": {
            "clinic": 10,
            "name": "Stomatologiya",
            "address": "Asaka shahar",
            "orientir": null,
            "language": 1
        }
    },
    {
        "model": "dentist.clinic_translation",
        "pk": 29,
        "fields": {
            "clinic": 10,
            "name": "Стоматология",
            "address": "Город Асака",
            "orientir": null,
            "language": 2
        }
    },
    {
        "model": "dentist.clinic_translation",
        "pk": 30,
        "fields": {
            "clinic": 10,
            "name": "Стоматология",
            "address": "Город Асака",
            "orientir": null,
            "language": 3
        }
    },
    {
        "model": "dentist.clinic_translation",
        "pk": 31,
        "fields": {
            "clinic": 11,
            "name": "Viloyat bolalar stomatologiya poliklinikasi",
            "address": "Baynalmilal ko'chasi (Cho'lpon)",
            "orientir": "Yoshlar markazi",
            "language": 1
        }
    },
    {
        "model": "dentist.clinic_translation",
        "pk": 32,
        "fields": {
            "clinic": 11,
            "name": "Областная детская стоматологическая поликлиника",
            "address": "Улица Байналминал (Чулпана)",
            "orientir": "Центр молодёжи",
            "language": 2
        }
    },
    {
        "model": "dentist.clinic_translation",
        "pk": 33,
        "fields": {
            "clinic": 11,
            "name": "Областная детская стоматологическая поликлиника",
            "address": "Улица Байналминал (Чулпана)",
            "orientir": "Центр молодёжи",
            "language": 3
        }
    },
    {
        "model": "dentist.clinic_translation",
        "pk": 34,
        "fields": {
            "clinic": 12,
            "name": "\"Stomatolog\" klinikasi (Gorodskoy)",
            "address": "3-Mikrorayon",
            "orientir": null,
            "language": 1
        }
    },
    {
        "model": "dentist.clinic_translation",
        "pk": 35,
        "fields": {
            "clinic": 12,
            "name": "Клиника \"Стоматолог\" (Городская)",
            "address": "3-Микрорайон",
            "orientir": null,
            "language": 2
        }
    },
    {
        "model": "dentist.clinic_translation",
        "pk": 36,
        "fields": {
            "clinic": 12,
            "name": "Клиника \"Стоматолог\" (Городская)",
            "address": "3-Микрорайон",
            "orientir": null,
            "language": 3
        }
    },
    {
        "model": "dentist.clinic_translation",
        "pk": 37,
        "fields": {
            "clinic": 13,
            "name": "Oila-dent klinikasi",
            "address": "Prospekt. Dukchi eshon ko'chasi 24-b uy",
            "orientir": "Tashkent Premium to'yxonasi",
            "language": 1
        }
    },
    {
        "model": "dentist.clinic_translation",
        "pk": 38,
        "fields": {
            "clinic": 13,
            "name": "Клиника Oila-dent",
            "address": "Проспект. Улица Дукчи Эшон 24-б",
            "orientir": "Tashkent Premium",
            "language": 2
        }
    },
    {
        "model": "dentist.clinic_translation",
        "pk": 39,
        "fields": {
            "clinic": 13,
            "name": "Клиника Oila-dent",
            "address": "Проспект. Улица Дукчи Эшон 24-б",
            "orientir": "Tashkent Premium",
            "language": 3
        }
    },
    {
        "model": "dentist.reason",
        "pk": 1,
        "fields": {
            "name": "Konsultatsiya",
            "value": 1,
            "language": 1
        }
    },
    {
        "model": "dentist.reason",
        "pk": 2,
        "fields": {
            "name": "Консультация",
            "value": 1,
            "language": 2
        }
    },
    {
        "model": "dentist.reason",
        "pk": 3,
        "fields": {
            "name": "Consultation",
            "value": 1,
            "language": 3
        }
    },
    {
        "model": "dentist.reason",
        "pk": 4,
        "fields": {
            "name": "Tish og‘rig‘i (doimiy)",
            "value": 2,
            "language": 1
        }
    },
    {
        "model": "dentist.reason",
        "pk": 5,
        "fields": {
            "name": "Зубная боль (постоянная)",
            "value": 2,
            "language": 2
        }
    },
    {
        "model": "dentist.reason",
        "pk": 6,
        "fields": {
            "name": "Toothache (constant)",
            "value": 2,
            "language": 3
        }
    },
    {
        "model": "dentist.reason",
        "pk": 7,
        "fields": {
            "name": "Tish og‘rig‘i (tunda)",
            "value": 3,
            "language": 1
        }
    },
    {
        "model": "dentist.reason",
        "pk": 8,
        "fields": {
            "name": "Зубная боль (ночью)",
            "value": 3,
            "language": 2
        }
    },
    {
        "model": "dentist.reason",
        "pk": 9,
        "fields": {
            "name": "Toothache (at night)",
            "value": 3,
            "language": 3
        }
    },
    {
        "model": "dentist.reason",
        "pk": 10,
        "fields": {
            "name": "Tish og‘rig‘i (issiq va sovuqqa)",
            "value": 4,
            "language": 1
        }
    },
    {
        "model": "dentist.reason",
        "pk": 11,
        "fields": {
            "name": "Зубная боль (от горячего и от холодного)",
            "value": 4,
            "language": 2
        }
    },
    {
        "model": "dentist.reason",
        "pk": 12,
        "fields": {
            "name": "Toothache (hot and cold)",
            "value": 4,
            "language": 3
        }
    },
    {
        "model": "dentist.reason",
        "pk": 13,
        "fields": {
            "name": "Tish og‘rig‘i (faqat sovuqqa)",
            "value": 5,
            "language": 1
        }
    },
    {
        "model": "dentist.reason",
        "pk": 14,
        "fields": {
            "name": "Зубная боль (только от холодного)",
            "value": 5,
            "language": 2
        }
    },
    {
        "model": "dentist.reason",
        "pk": 15,
        "fields": {
            "name": "Toothache (cold)",
            "value": 5,
            "language": 3
        }
    },
    {
        "model": "dentist.reason",
        "pk": 16,
        "fields": {
            "name": "Tish og‘rig‘i (kovakka ovqat kirib qolganda)",
            "value": 6,
            "language": 1
        }
    },
    {
        "model": "dentist.reason",
        "pk": 17,
        "fields": {
            "name": "Зубная боль (при попадании еды в полость зуба)",
            "value": 6,
            "language": 2
        }
    },
    {
        "model": "dentist.reason",
        "pk": 18,
        "fields": {
            "name": "Toothache (when food gets into the tooth cavity)",
            "value": 6,
            "language": 3
        }
    },
    {
        "model": "dentist.reason",
        "pk": 19,
        "fields": {
            "name": "Tish og‘rig‘i (tishlaganda)",
            "value": 7,
            "language": 1
        }
    },
    {
        "model": "dentist.reason",
        "pk": 20,
        "fields": {
            "name": "Зубная боль (при кусании)",
            "value": 7,
            "language": 2
        }
    },
    {
        "model": "dentist.reason",
        "pk": 21,
        "fields": {
            "name": "Toothache (when biting)",
            "value": 7,
            "language": 3
        }
    },
    {
        "model": "dentist.reason",
        "pk": 22,
        "fields": {
            "name": "Tish og‘rig‘i (shirinlikda)",
            "value": 8,
            "language": 1
        }
    },
    {
        "model": "dentist.reason",
        "pk": 23,
        "fields": {
            "name": "Зубная боль (при употреблении сладости)",
            "value": 8,
            "language": 2
        }
    },
    {
        "model": "dentist.reason",
        "pk": 24,
        "fields": {
            "name": "Toothache (when eating sweets)",
            "value": 8,
            "language": 3
        }
    },
    {
        "model": "dentist.reason",
        "pk": 25,
        "fields": {
            "name": "Tish og‘rig‘i (jag‘ning to'la bir tomonida)",
            "value": 9,
            "language": 1
        }
    },
    {
        "model": "dentist.reason",
        "pk": 26,
        "fields": {
            "name": "Зубная боль (на всю сторону челюсти)",
            "value": 9,
            "language": 2
        }
    },
    {
        "model": "dentist.reason",
        "pk": 27,
        "fields": {
            "name": "Toothache (on the entire side of the jaw)",
            "value": 9,
            "language": 3
        }
    },
    {
        "model": "dentist.reason",
        "pk": 28,
        "fields": {
            "name": "Tish og‘rig‘i (ertalab, og‘izni ochganda, yutinganda)",
            "value": 10,
            "language": 1
        }
    },
    {
        "model": "dentist.reason",
        "pk": 29,
        "fields": {
            "name": "Зубная боль (утром, при открытии рта, при проглатывании)",
            "value": 10,
            "language": 2
        }
    },
    {
        "model": "dentist.reason",
        "pk": 30,
        "fields": {
            "name": "Toothache (in the morning, on opening the mouth, on swallowing)",
            "value": 10,
            "language": 3
        }
    },
    {
        "model": "dentist.reason",
        "pk": 31,
        "fields": {
            "name": "Tish qimirlashi",
            "value": 11,
            "language": 1
        }
    },
    {
        "model": "dentist.reason",
        "pk": 32,
        "fields": {
            "name": "Зуб шатается",
            "value": 11,
            "language": 2
        }
    },
    {
        "model": "dentist.reason",
        "pk": 33,
        "fields": {
            "name": "The tooth is loose",
            "value": 11,
            "language": 3
        }
    },
    {
        "model": "dentist.reason",
        "pk": 34,
        "fields": {
            "name": "Milk qonashi",
            "value": 12,
            "language": 1
        }
    },
    {
        "model": "dentist.reason",
        "pk": 35,
        "fields": {
            "name": "Кровоточение дёсен",
            "value": 12,
            "language": 2
        }
    },
    {
        "model": "dentist.reason",
        "pk": 36,
        "fields": {
            "name": "Bleeding gums",
            "value": 12,
            "language": 3
        }
    },
    {
        "model": "dentist.reason",
        "pk": 37,
        "fields": {
            "name": "Milk shishishi",
            "value": 13,
            "language": 1
        }
    },
    {
        "model": "dentist.reason",
        "pk": 38,
        "fields": {
            "name": "Отек десен",
            "value": 13,
            "language": 2
        }
    },
    {
        "model": "dentist.reason",
        "pk": 39,
        "fields": {
            "name": "Gum swelling",
            "value": 13,
            "language": 3
        }
    },
    {
        "model": "dentist.reason",
        "pk": 40,
        "fields": {
            "name": "Isitma",
            "value": 14,
            "language": 1
        }
    },
    {
        "model": "dentist.reason",
        "pk": 41,
        "fields": {
            "name": "Температура",
            "value": 14,
            "language": 2
        }
    },
    {
        "model": "dentist.reason",
        "pk": 42,
        "fields": {
            "name": "Temperature",
            "value": 14,
            "language": 3
        }
    },
    {
        "model": "dentist.reason",
        "pk": 43,
        "fields": {
            "name": "Tish ildiz",
            "value": 15,
            "language": 1
        }
    },
    {
        "model": "dentist.reason",
        "pk": 44,
        "fields": {
            "name": "Корень зуба",
            "value": 15,
            "language": 2
        }
    },
    {
        "model": "dentist.reason",
        "pk": 45,
        "fields": {
            "name": "Tooth root",
            "value": 15,
            "language": 3
        }
    },
    {
        "model": "dentist.reason",
        "pk": 46,
        "fields": {
            "name": "Estetik nuqson (ko‘rinishi yomon)",
            "value": 16,
            "language": 1
        }
    },
    {
        "model": "dentist.reason",
        "pk": 47,
        "fields": {
            "name": "Эстетический дефект (плохой внешний вид)",
            "value": 16,
            "language": 2
        }
    },
    {
        "model": "dentist.reason",
        "pk": 48,
        "fields": {
            "name": "Aesthetic defect (poor appearance)",
            "value": 16,
            "language": 3
        }
    },
    {
        "model": "dentist.reason",
        "pk": 49,
        "fields": {
            "name": "Kovak",
            "value": 17,
            "language": 1
        }
    },
    {
        "model": "dentist.reason",
        "pk": 50,
        "fields": {
            "name": "Полость зуба",
            "value": 17,
            "language": 2
        }
    },
    {
        "model": "dentist.reason",
        "pk": 51,
        "fields": {
            "name": "Tooth cavity",
            "value": 17,
            "language": 3
        }
    },
    {
        "model": "dentist.reason",
        "pk": 52,
        "fields": {
            "name": "Tish qo‘ydirish",
            "value": 18,
            "language": 1
        }
    },
    {
        "model": "dentist.reason",
        "pk": 53,
        "fields": {
            "name": "Вставка зуба",
            "value": 18,
            "language": 2
        }
    },
    {
        "model": "dentist.reason",
        "pk": 54,
        "fields": {
            "name": "Tooth insert",
            "value": 18,
            "language": 3
        }
    },
    {
        "model": "dentist.reason",
        "pk": 55,
        "fields": {
            "name": "Tishni oldirish",
            "value": 19,
            "language": 1
        }
    },
    {
        "model": "dentist.reason",
        "pk": 56,
        "fields": {
            "name": "Удаление зуба",
            "value": 19,
            "language": 2
        }
    },
    {
        "model": "dentist.reason",
        "pk": 57,
        "fields": {
            "name": "Tooth removal",
            "value": 19,
            "language": 3
        }
    },
    {
        "model": "dentist.reason",
        "pk": 58,
        "fields": {
            "name": "Tishlarni tozalatish",
            "value": 20,
            "language": 1
        }
    },
    {
        "model": "dentist.reason",
        "pk": 59,
        "fields": {
            "name": "Чистка зубов",
            "value": 20,
            "language": 2
        }
    },
    {
        "model": "dentist.reason",
        "pk": 60,
        "fields": {
            "name": "Teeth cleaning",
            "value": 20,
            "language": 3
        }
    },
    {
        "model": "dentist.reason",
        "pk": 61,
        "fields": {
            "name": "Implant qo‘ydirish",
            "value": 21,
            "language": 1
        }
    },
    {
        "model": "dentist.reason",
        "pk": 62,
        "fields": {
            "name": "Имплант",
            "value": 21,
            "language": 2
        }
    },
    {
        "model": "dentist.reason",
        "pk": 63,
        "fields": {
            "name": "Implant placement",
            "value": 21,
            "language": 3
        }
    },
    {
        "model": "dentist.reason",
        "pk": 64,
        "fields": {
            "name": "Breket qo'ydirish",
            "value": 22,
            "language": 1
        }
    },
    {
        "model": "dentist.reason",
        "pk": 65,
        "fields": {
            "name": "Укладка брекетов",
            "value": 22,
            "language": 2
        }
    },
    {
        "model": "dentist.reason",
        "pk": 66,
        "fields": {
            "name": "Bracketing",
            "value": 22,
            "language": 3
        }
    },
    {
        "model": "dentist.reason",
        "pk": 67,
        "fields": {
            "name": "Protez qildirish",
            "value": 23,
            "language": 1
        }
    },
    {
        "model": "dentist.reason",
        "pk": 68,
        "fields": {
            "name": "Протезирование",
            "value": 23,
            "language": 2
        }
    },
    {
        "model": "dentist.reason",
        "pk": 69,
        "fields": {
            "name": "Prosthetis",
            "value": 23,
            "language": 3
        }
    },
    {
        "model": "dentist.reason",
        "pk": 70,
        "fields": {
            "name": "Plombalash",
            "value": 24,
            "language": 1
        }
    },
    {
        "model": "dentist.reason",
        "pk": 71,
        "fields": {
            "name": "Пломба",
            "value": 24,
            "language": 2
        }
    },
    {
        "model": "dentist.reason",
        "pk": 72,
        "fields": {
            "name": "Filling",
            "value": 24,
            "language": 3
        }
    },
    {
        "model": "dentist.reason",
        "pk": 73,
        "fields": {
            "name": "Boshqa sabab",
            "value": 25,
            "language": 1
        }
    },
    {
        "model": "dentist.reason",
        "pk": 74,
        "fields": {
            "name": "Другая причина",
            "value": 25,
            "language": 2
        }
    },
    {
        "model": "dentist.reason",
        "pk": 75,
        "fields": {
            "name": "Another reason",
            "value": 25,
            "language": 3
        }
    },
    {
        "model": "dentist.service_category",
        "pk": 1,
        "fields": {
            "name": "Konsultatsiya"
        }
    },
    {
        "model": "dentist.service_category",
        "pk": 2,
        "fields": {
            "name": "Tish olish"
        }
    },
    {
        "model": "dentist.service_category",
        "pk": 3,
        "fields": {
            "name": "Plomba"
        }
    },
    {
        "model": "dentist.service_category",
        "pk": 4,
        "fields": {
            "name": "Tishlarni professional tozalash"
        }
    },
    {
        "model": "dentist.service_category",
        "pk": 5,
        "fields": {
            "name": "Tishlarni oqartirish (zoom)"
        }
    },
    {
        "model": "dentist.service_category",
        "pk": 6,
        "fields": {
            "name": "Sirkoniy dioksid tishlar"
        }
    },
    {
        "model": "dentist.service_category",
        "pk": 7,
        "fields": {
            "name": "Metallokeramik tishlar"
        }
    },
    {
        "model": "dentist.service_category",
        "pk": 8,
        "fields": {
            "name": "Metall tishlar"
        }
    },
    {
        "model": "dentist.service_category",
        "pk": 9,
        "fields": {
            "name": "Implant"
        }
    },
    {
        "model": "dentist.service_category",
        "pk": 10,
        "fields": {
            "name": "Breket (sim tortish)"
        }
    },
    {
        "model": "dentist.service_category",
        "pk": 11,
        "fields": {
            "name": "Protez"
        }
    },
    {
        "model": "dentist.service_category_translation",
        "pk": 1,
        "fields": {
            "name": "Konsultatsiya",
            "service_category": 1,
            "language": 1
        }
    },
    {
        "model": "dentist.service_category_translation",
        "pk": 2,
        "fields": {
            "name": "Консультация",
            "service_category": 1,
            "language": 2
        }
    },
    {
        "model": "dentist.service_category_translation",
        "pk": 3,
        "fields": {
            "name": "Consultation",
            "service_category": 1,
            "language": 3
        }
    },
    {
        "model": "dentist.service_category_translation",
        "pk": 4,
        "fields": {
            "name": "Tish olish",
            "service_category": 2,
            "language": 1
        }
    },
    {
        "model": "dentist.service_category_translation",
        "pk": 5,
        "fields": {
            "name": "Удаление зуба",
            "service_category": 2,
            "language": 2
        }
    },
    {
        "model": "dentist.service_category_translation",
        "pk": 6,
        "fields": {
            "name": "Tooth deletion",
            "service_category": 2,
            "language": 3
        }
    },
    {
        "model": "dentist.service_category_translation",
        "pk": 7,
        "fields": {
            "name": "Plomba",
            "service_category": 3,
            "language": 1
        }
    },
    {
        "model": "dentist.service_category_translation",
        "pk": 8,
        "fields": {
            "name": "Пломба",
            "service_category": 3,
            "language": 2
        }
    },
    {
        "model": "dentist.service_category_translation",
        "pk": 9,
        "fields": {
            "name": "Dental filling",
            "service_category": 3,
            "language": 3
        }
    },
    {
        "model": "dentist.service_category_translation",
        "pk": 10,
        "fields": {
            "name": "Tishlarni professional tozalash",
            "service_category": 4,
            "language": 1
        }
    },
    {
        "model": "dentist.service_category_translation",
        "pk": 11,
        "fields": {
            "name": "Профессиональная чистка зубов",
            "service_category": 4,
            "language": 2
        }
    },
    {
        "model": "dentist.service_category_translation",
        "pk": 12,
        "fields": {
            "name": "Professional teeth cleaning",
            "service_category": 4,
            "language": 3
        }
    },
    {
        "model": "dentist.service_category_translation",
        "pk": 13,
        "fields": {
            "name": "Tishlarni oqartirish (zoom)",
            "service_category": 5,
            "language": 1
        }
    },
    {
        "model": "dentist.service_category_translation",
        "pk": 14,
        "fields": {
            "name": "Отбеливание зубов (zoom)",
            "service_category": 5,
            "language": 2
        }
    },
    {
        "model": "dentist.service_category_translation",
        "pk": 15,
        "fields": {
            "name": "Teeth whitening (zoom)",
            "service_category": 5,
            "language": 3
        }
    },
    {
        "model": "dentist.service_category_translation",
        "pk": 16,
        "fields": {
            "name": "Sirkoniy dioksid tishlar",
            "service_category": 6,
            "language": 1
        }
    },
    {
        "model": "dentist.service_category_translation",
        "pk": 17,
        "fields": {
            "name": "Зубы из диоксида циркония",
            "service_category": 6,
            "language": 2
        }
    },
    {
        "model": "dentist.service_category_translation",
        "pk": 18,
        "fields": {
            "name": "Zirconia teeth",
            "service_category": 6,
            "language": 3
        }
    },
    {
        "model": "dentist.service_category_translation",
        "pk": 19,
        "fields": {
            "name": "Metallokeramik tishlar",
            "service_category": 7,
            "language": 1
        }
    },
    {
        "model": "dentist.service_category_translation",
        "pk": 20,
        "fields": {
            "name": "Металлокерамические зубы",
            "service_category": 7,
            "language": 2
        }
    },
    {
        "model": "dentist.service_category_translation",
        "pk": 21,
        "fields": {
            "name": "Metal-ceramic teeth",
            "service_category": 7,
            "language": 3
        }
    },
    {
        "model": "dentist.service_category_translation",
        "pk": 22,
        "fields": {
            "name": "Metall tishlar",
            "service_category": 8,
            "language": 1
        }
    },
    {
        "model": "dentist.service_category_translation",
        "pk": 23,
        "fields": {
            "name": "Металлические зубы",
            "service_category": 8,
            "language": 2
        }
    },
    {
        "model": "dentist.service_category_translation",
        "pk": 24,
        "fields": {
            "name": "Metal teeth",
            "service_category": 8,
            "language": 3
        }
    },
    {
        "model": "dentist.service_category_translation",
        "pk": 25,
        "fields": {
            "name": "Implant",
            "service_category": 9,
            "language": 1
        }
    },
    {
        "model": "dentist.service_category_translation",
        "pk": 26,
        "fields": {
            "name": "Имплант",
            "service_category": 9,
            "language": 2
        }
    },
    {
        "model": "dentist.service_category_translation",
        "pk": 27,
        "fields": {
            "name": "Implant",
            "service_category": 9,
            "language": 3
        }
    },
    {
        "model": "dentist.service_category_translation",
        "pk": 28,
        "fields": {
            "name": "Breket (sim tortish)",
            "service_category": 10,
            "language": 1
        }
    },
    {
        "model": "dentist.service_category_translation",
        "pk": 29,
        "fields": {
            "name": "Укладка брикетов",
            "service_category": 10,
            "language": 2
        }
    },
    {
        "model": "dentist.service_category_translation",
        "pk": 30,
        "fields": {
            "name": "Briquette",
            "service_category": 10,
            "language": 3
        }
    },
    {
        "model": "dentist.service_category_translation",
        "pk": 31,
        "fields": {
            "name": "Protez",
            "service_category": 11,
            "language": 1
        }
    },
    {
        "model": "dentist.service_category_translation",
        "pk": 32,
        "fields": {
            "name": "Протез",
            "service_category": 11,
            "language": 2
        }
    },
    {
        "model": "dentist.service_category_translation",
        "pk": 33,
        "fields": {
            "name": "Protez",
            "service_category": 11,
            "language": 3
        }
    }
]